school_name,region,first_2021,second_2021,national_2021,first_2022,second_2022,national_2022,first_2023,second_2023,national_2023,first_2024,second_2024,national_2024,first_2025,second_2025,national_2025,first_five_years,second_five_years,national_five_years,national_forecast_2026,top_advisor,top_advisor_count,school_group,recent_two_year_average,is_modeling_strong_school,top_advisor_frequency,top_advisor_frequency_over_30pct
南京邮电大学,江苏,2,9,11,3,9,12,4,7,11,6,6,12,4,6,10,19,37,56,11,闫庆伦,14,本科,11.0,是,0.25,否
上海交通大学,上海,5,7,12,4,6,10,4,7,11,5,7,12,4,5,9,22,32,54,11,高晓沨,36,本科,10.5,是,0.6666666666666666,是
厦门大学,福建,4,8,12,5,6,11,3,7,10,2,8,10,2,8,10,16,37,53,10,谭忠,43,本科,10.0,是,0.8113207547169812,是
哈尔滨工业大学(深圳),广东,1,8,9,4,7,11,6,5,11,5,7,12,4,5,9,20,32,52,11,陈勇勇,12,本科,10.5,是,0.23076923076923078,否
西南交通大学,四川,3,3,6,3,9,12,3,9,12,6,5,11,5,6,11,20,32,52,11,王璐,12,本科,11.0,是,0.23076923076923078,否
西安电子科技大学,陕西,3,7,10,4,4,8,5,7,12,3,7,10,2,10,12,17,35,52,11,张胜利,6,本科,11.0,是,0.11538461538461539,否
中山大学,广东,6,5,11,4,7,11,4,6,10,2,10,12,1,7,8,17,35,52,10,关彦辉,13,本科,10.0,是,0.25,否
华南理工大学,广东,3,7,10,2,10,12,3,9,12,2,7,9,2,7,9,12,40,52,10,刘深泉,13,本科,9.0,是,0.25,否
同济大学,上海,3,6,9,3,8,11,4,6,10,2,10,12,3,6,9,15,36,51,10,段春艳,4,本科,10.5,是,0.0784313725490196,否
西安交通大学,陕西,2,6,8,5,5,10,1,8,9,4,7,11,2,9,11,14,35,49,10,陈磊,10,本科,11.0,是,0.20408163265306123,否
东北大学,辽宁,0,10,10,0,9,9,1,9,10,2,7,9,2,8,10,5,43,48,10,郎俊,4,本科,9.5,是,0.08333333333333333,否
北京航空航天大学,北京,2,7,9,3,7,10,2,5,7,5,7,12,4,6,10,16,32,48,10,郭炳晖,17,本科,11.0,是,0.3541666666666667,是
复旦大学,上海,4,5,9,4,4,8,2,10,12,4,7,11,2,6,8,16,32,48,10,俞熹,2,本科,9.5,是,0.041666666666666664,否
武汉大学,湖北,5,4,9,2,7,9,4,5,9,3,5,8,5,7,12,19,28,47,11,胡元明,9,本科,10.0,是,0.19148936170212766,否
重庆邮电大学,重庆,2,9,11,2,5,7,2,8,10,2,6,8,2,9,11,10,37,47,11,李振坤,6,本科,9.5,是,0.1276595744680851,否
广东工业大学,广东,2,6,8,1,7,8,0,11,11,4,6,10,2,8,10,9,38,47,10,徐圣兵,7,本科,10.0,是,0.14893617021276595,否
山东大学,山东,2,4,6,3,7,10,2,8,10,2,8,10,2,8,10,11,35,46,11,栾峻峰,23,本科,10.0,是,0.5,是
郑州大学,河南,1,10,11,1,5,6,3,7,10,1,10,11,2,6,8,8,38,46,8,李普林,7,本科,9.5,是,0.15217391304347827,否
哈尔滨工业大学,黑龙江,1,9,10,1,10,11,1,8,9,3,6,9,3,4,7,9,37,46,7,吴勃英,9,本科,8.0,是,0.1956521739130435,否
北京理工大学,北京,0,8,8,3,6,9,3,5,8,3,7,10,2,8,10,11,34,45,9,王宏洲,12,本科,10.0,是,0.26666666666666666,否
西南财经大学,四川,1,6,7,2,7,9,1,10,11,2,7,9,1,8,9,7,38,45,9,孙云龙,7,本科,9.0,是,0.15555555555555556,否
太原理工大学,山西,2,9,11,0,7,7,3,6,9,1,10,11,1,6,7,7,38,45,7,岳俊宏,4,本科,9.0,是,0.08888888888888889,否
安徽大学,安徽,1,7,8,4,5,9,1,10,11,2,5,7,3,6,9,11,33,44,9,朱家明,6,本科,8.0,是,0.13636363636363635,否
中国人民大学,北京,1,8,9,3,9,12,2,6,8,3,6,9,1,5,6,10,34,44,8,魏二玲,7,本科,7.5,是,0.1590909090909091,否
合肥工业大学,安徽,3,6,9,2,8,10,2,9,11,1,8,9,2,3,5,10,34,44,8,焦贤发,7,本科,7.0,是,0.1590909090909091,否
安阳师范学院,河南,1,7,8,1,9,10,2,8,10,1,7,8,3,5,8,8,36,44,8,胡猛,11,本科,8.0,是,0.25,否
杭州电子科技大学,浙江,5,6,11,3,5,8,3,4,7,3,7,10,2,6,8,16,28,44,8,92,0,本科,9.0,是,0.0,否
武汉理工大学,湖北,2,2,4,2,6,8,3,7,10,3,7,10,6,5,11,16,27,43,12,刘扬,5,本科,10.5,是,0.11627906976744186,否
江苏科技大学,江苏,1,5,6,1,5,6,2,10,12,2,8,10,3,6,9,9,34,43,10,伊士超、徐祖润,8,本科,9.5,是,0.18604651162790697,否
华中科技大学,湖北,2,3,5,3,2,5,5,4,9,3,8,11,2,10,12,15,27,42,12,董锐,8,本科,11.5,是,0.19047619047619047,否
湘潭大学,湖南,0,5,5,0,4,4,5,5,10,2,9,11,2,10,12,9,33,42,11,文志武、李成福,5,本科,11.5,是,0.11904761904761904,否
云南大学,云南,1,8,9,1,7,8,0,9,9,1,6,7,0,9,9,3,39,42,9,朱娟萍、胡光华,4,本科,8.0,是,0.09523809523809523,否
华东师范大学,上海,4,5,9,3,4,7,4,5,9,1,6,7,2,8,10,14,28,42,9,张向韵,3,本科,8.5,是,0.07142857142857142,否
南京信息工程大学,江苏,3,9,12,2,3,5,2,9,11,1,7,8,3,3,6,11,31,42,8,刘文军,6,本科,7.0,是,0.14285714285714285,否
广东东软学院,广东,4,5,9,1,9,10,2,7,9,3,8,11,0,3,3,10,32,42,8,曹华林,37,本科,7.0,是,0.8809523809523809,是
桂林电子科技大学,广西,3,4,7,2,4,6,1,7,8,0,8,8,2,9,11,8,32,40,11,吴孙勇,6,本科,9.5,是,0.15,否
山东大学(威海),山东,1,9,10,4,6,10,5,4,9,3,4,7,1,3,4,14,26,40,7,曹祝楼,16,本科,5.5,是,0.4,是
四川师范大学,四川,6,5,11,2,7,9,1,7,8,2,5,7,2,3,5,13,27,40,5,吕王勇,11,本科,6.0,是,0.275,否
青岛理工大学,山东,1,6,7,0,3,3,1,8,9,2,6,8,2,10,12,6,33,39,10,张蕾,5,本科,10.0,是,0.1282051282051282,否
中国海洋大学,山东,1,1,2,3,7,10,1,7,8,2,6,8,4,7,11,11,28,39,9,陈丕炜,13,本科,9.5,是,0.3333333333333333,是
大连理工大学,辽宁,1,7,8,0,7,7,0,5,5,0,10,10,2,7,9,3,36,39,9,92,0,本科,9.5,是,0.0,否
新疆大学,新疆,0,4,4,1,10,11,1,8,9,1,9,10,2,3,5,5,34,39,5,赵建平,7,本科,7.5,是,0.1794871794871795,否
电子科技大学,四川,4,7,11,3,6,9,3,5,8,2,4,6,2,3,5,14,25,39,5,李明奇,8,本科,5.5,是,0.20512820512820512,否
重庆大学,重庆,2,5,7,0,5,5,2,4,6,2,9,11,2,7,9,8,30,38,9,龚劬,6,本科,10.0,是,0.15789473684210525,否
天津工业大学,天津,3,4,7,1,7,8,2,6,8,2,5,7,1,7,8,9,29,38,8,汪晓银,12,本科,7.5,是,0.3157894736842105,是
东北林业大学,黑龙江,1,6,7,1,8,9,1,8,9,1,7,8,0,5,5,4,34,38,6,孙宏霞,6,本科,6.5,是,0.15789473684210525,否
福州大学,福建,2,6,8,1,7,8,1,8,9,2,5,7,0,6,6,6,32,38,6,周勇,11,本科,6.5,是,0.2894736842105263,否
西安建筑科技大学,陕西,3,8,11,5,4,9,3,5,8,1,5,6,2,2,4,14,24,38,6,刘勇,7,本科,5.0,是,0.18421052631578946,否
青岛科技大学,山东,3,7,10,4,7,11,2,4,6,0,6,6,1,4,5,10,28,38,6,朱善良,7,本科,5.5,是,0.18421052631578946,否
深圳大学,广东,0,2,2,1,5,6,0,10,10,2,6,8,3,8,11,6,31,37,10,张爱林,12,本科,9.5,是,0.32432432432432434,是
四川大学,四川,1,6,7,2,3,5,2,4,6,4,6,10,3,6,9,12,25,37,9,朱瑞,7,本科,9.5,是,0.1891891891891892,否
中北大学,山西,3,7,10,1,6,7,1,5,6,2,4,6,0,8,8,7,30,37,8,李霞、谭秀辉,3,本科,7.0,是,0.08108108108108109,否
洛阳理工学院,河南,0,6,6,0,2,2,5,6,11,1,9,10,0,8,8,6,31,37,8,许超,7,本科,9.0,是,0.1891891891891892,否
南开大学,天津,2,6,8,2,5,7,1,7,8,4,4,8,3,3,6,12,25,37,6,倪元华、张巧真、李忠华、陈孝伟,3,本科,7.0,是,0.08108108108108109,否
华北电力大学(保定),河北,1,7,8,2,4,6,4,5,9,1,8,9,2,3,5,10,27,37,5,胡立峰、苑东伟、赵会超,1,本科,7.0,是,0.02702702702702703,否
东南大学,江苏,2,3,5,2,3,5,3,7,10,2,6,8,3,5,8,12,24,36,9,王峰、贾新刚、陈恩水,4,本科,8.0,是,0.1111111111111111,否
陕西师范大学,陕西,1,8,9,2,1,3,2,7,9,1,7,8,2,5,7,8,28,36,8,陈森,7,本科,7.5,是,0.19444444444444445,否
中国计量大学,浙江,2,5,7,1,7,8,3,6,9,2,2,4,2,6,8,10,26,36,7,92,0,本科,6.0,是,0.0,否
贵州大学,贵州,0,7,7,2,5,7,1,7,8,1,5,6,1,7,8,5,31,36,7,范馨月,3,本科,7.0,是,0.08333333333333333,否
北京师范大学,北京,2,5,7,1,7,8,2,2,4,3,5,8,3,5,8,11,24,35,7,92,0,本科,8.0,是,0.0,否
吉林大学,吉林,2,5,7,1,6,7,1,8,9,2,5,7,1,4,5,7,28,35,5,张锦、徐晓伟、韩月才,2,本科,6.0,是,0.05714285714285714,否
山西大学,山西,2,6,8,3,6,9,0,7,7,2,5,7,1,3,4,8,27,35,4,李春芳、林上为、牛兆宏,3,本科,5.5,是,0.08571428571428572,否
西南大学,重庆,0,5,5,1,4,5,1,5,6,0,8,8,1,9,10,3,31,34,10,刘少伟、吕颖、张里博,4,本科,9.0,是,0.11764705882352941,否
华南师范大学,广东,1,3,4,0,4,4,0,10,10,0,8,8,0,8,8,1,33,34,9,邓键,13,本科,8.0,是,0.38235294117647056,是
江西应用技术职业学院,江西,3,2,5,3,3,6,5,2,7,3,6,9,4,3,7,18,16,34,8,凌巍炜,32,专科,8.0,是,0.9411764705882353,是
华南农业大学,广东,0,6,6,1,7,8,1,6,7,0,6,6,2,5,7,4,30,34,7,张胜祥、江雪萍,5,本科,6.5,是,0.14705882352941177,否
浙江工业大学,浙江,3,4,7,3,2,5,3,4,7,5,3,8,2,5,7,16,18,34,7,周凯,9,本科,7.5,是,0.2647058823529412,否
哈尔滨工程大学,黑龙江,0,6,6,2,8,10,1,6,7,0,6,6,3,2,5,6,28,34,5,王淑娟,14,本科,5.5,是,0.4117647058823529,是
河南工程学院,河南,0,8,8,2,6,8,0,9,9,0,6,6,0,3,3,2,32,34,3,王万永,5,本科,4.5,是,0.14705882352941177,否
北京师范大学(珠海校区),广东,0,1,1,1,5,6,3,6,9,0,8,8,1,8,9,5,28,33,9,金俞,16,本科,8.5,是,0.48484848484848486,是
中国地质大学（武汉）,湖北,3,5,8,0,7,7,1,6,7,4,7,11,0,0,0,8,25,33,7,付丽华,7,本科,5.5,是,0.21212121212121213,否
北京邮电大学,北京,0,5,5,3,4,7,0,6,6,1,4,5,3,7,10,7,26,33,7,孙聪、贺祖国,2,本科,7.5,是,0.06060606060606061,否
广州大学,广东,0,7,7,0,5,5,2,6,8,2,7,9,1,3,4,5,28,33,7,钟育彬,11,本科,6.5,是,0.3333333333333333,是
河北工业大学,河北,0,7,7,0,5,5,1,3,4,3,7,10,1,6,7,5,28,33,7,张金珠,6,本科,8.5,是,0.18181818181818182,否
西北工业大学,陕西,1,4,5,1,5,6,2,5,7,2,6,8,1,6,7,7,26,33,7,肖华勇,8,本科,7.5,是,0.24242424242424243,否
南京林业大学,江苏,3,1,4,3,7,10,2,1,3,3,6,9,1,6,7,12,21,33,6,于莉莉,7,本科,8.0,是,0.21212121212121213,否
天津大学,天津,2,5,7,1,6,7,2,4,6,2,5,7,1,5,6,8,25,33,6,杨雪、王宏、胡玉梅,4,本科,6.5,是,0.12121212121212122,否
中南大学,湖南,1,7,8,1,1,2,1,4,5,1,7,8,1,8,9,5,27,32,7,刘心歌,5,本科,8.5,是,0.15625,否
山东师范大学,山东,2,5,7,0,6,6,4,4,8,1,2,3,2,6,8,9,23,32,7,荐金峰,11,本科,5.5,是,0.34375,是
河北大学,河北,2,2,4,2,5,7,1,4,5,1,8,9,2,5,7,8,24,32,7,张虹、徐建鹏、王苗、黄炜,1,本科,8.0,是,0.03125,否
昆明理工大学,云南,1,8,9,1,4,5,1,6,7,1,5,6,2,3,5,6,26,32,5,刘英莉、李英娜,3,本科,5.5,是,0.09375,否
西南石油大学,四川,0,4,4,1,8,9,2,6,8,1,5,6,0,5,5,4,28,32,5,李玲娜,7,本科,5.5,是,0.21875,否
南方科技大学,广东,2,4,6,0,4,4,0,8,8,1,3,4,4,5,9,7,24,31,7,李景治,14,本科,6.5,是,0.45161290322580644,是
上海财经大学,上海,1,8,9,1,4,5,1,3,4,2,5,7,2,4,6,7,24,31,6,92,0,本科,6.5,是,0.0,否
广东科学技术职业学院,广东,2,3,5,2,3,5,1,6,7,0,5,5,1,7,8,6,24,30,7,苑占江,5,专科,6.5,是,0.16666666666666666,否
西北大学,陕西,2,4,6,2,4,6,0,4,4,0,8,8,0,6,6,4,26,30,6,窦霁虹,6,本科,7.0,是,0.2,否
广西大学,广西,1,7,8,1,4,5,1,6,7,1,4,5,1,4,5,5,25,30,5,陈良,4,本科,5.0,是,0.13333333333333333,否
重庆交通大学,重庆,0,9,9,0,6,6,0,7,7,0,4,4,0,4,4,0,30,30,4,张雷,7,本科,4.0,否,0.23333333333333334,否
兰州大学,甘肃,1,5,6,0,8,8,0,7,7,1,6,7,1,1,2,3,27,30,2,张婷,4,本科,4.5,是,0.13333333333333333,否
哈尔滨工业大学（威海）,山东,1,4,5,1,7,8,3,6,9,0,7,7,0,0,0,5,24,29,6,陈天睿,7,本科,3.5,否,0.2413793103448276,否
重庆师范大学,重庆,2,6,8,0,6,6,0,6,6,0,3,3,1,5,6,3,26,29,6,罗萍,6,本科,4.5,是,0.20689655172413793,否
长春理工大学,吉林,2,5,7,0,5,5,0,6,6,0,5,5,2,4,6,4,25,29,6,成丽波,4,本科,5.5,是,0.13793103448275862,否
中国石油大学（华东）,山东,2,5,7,3,5,8,3,5,8,1,5,6,0,0,0,9,20,29,5,柳毓松,8,本科,3.0,否,0.27586206896551724,否
东北电力大学,吉林,1,6,7,1,4,5,2,6,8,0,6,6,0,3,3,4,25,29,3,李鹏松,5,本科,4.5,是,0.1724137931034483,否
陕西科技大学,陕西,1,2,3,1,1,2,0,5,5,1,7,8,1,9,10,4,24,28,8,肖鹏,6,本科,9.0,是,0.21428571428571427,否
北京科技大学,北京,2,3,5,2,2,4,1,4,5,2,5,7,1,6,7,8,20,28,6,朱婧,9,本科,7.0,是,0.32142857142857145,是
国防科技大学,湖南,1,2,3,5,3,8,2,6,8,1,3,4,2,3,5,11,17,28,6,罗廷金,4,本科,4.5,是,0.14285714285714285,否
汕头大学,广东,2,5,7,1,3,4,0,4,4,1,8,9,0,4,4,4,24,28,6,徐标,6,本科,6.5,是,0.21428571428571427,否
长安大学,陕西,1,5,6,1,5,6,2,5,7,1,3,4,0,5,5,5,23,28,5,王凯明、王维琼,5,本科,4.5,是,0.17857142857142858,否
石河子大学,新疆,0,8,8,1,6,7,0,9,9,0,3,3,0,1,1,1,27,28,1,丁明才、佟永鹏、姚斌、张福娥,1,本科,2.0,否,0.03571428571428571,否
宁波大学,浙江,0,7,7,0,3,3,1,5,6,0,3,3,2,6,8,3,24,27,6,张晓敏、马飞遥,5,本科,5.5,是,0.18518518518518517,否
东北农业大学,黑龙江,0,3,3,1,4,5,1,7,8,1,6,7,0,4,4,3,24,27,5,张战国,4,本科,5.5,是,0.14814814814814814,否
江西理工大学,江西,1,5,6,2,4,6,3,3,6,1,4,5,2,2,4,9,18,27,5,张师贤,8,本科,4.5,是,0.2962962962962963,否
江苏大学,江苏,1,4,5,0,2,2,3,7,10,1,2,3,1,5,6,6,20,26,6,朱霖河,10,本科,4.5,是,0.38461538461538464,是
河海大学,江苏,0,3,3,2,6,8,2,5,7,0,5,5,1,2,3,5,21,26,5,柳庆新,5,本科,4.0,否,0.19230769230769232,否
深圳信息职业技术学院,广东,2,4,6,2,3,5,4,4,8,3,4,7,0,0,0,11,15,26,5,92,0,专科,3.5,是,0.0,否
西安理工大学,陕西,1,6,7,1,4,5,1,1,2,2,3,5,2,5,7,7,19,26,5,王尚平、胡钢,3,本科,6.0,是,0.11538461538461539,否
海南大学,海南,0,7,7,2,4,6,1,5,6,0,3,3,1,3,4,4,22,26,4,毛旭强,4,本科,3.5,否,0.15384615384615385,否
江南大学,江苏,0,2,2,1,5,6,1,5,6,3,4,7,1,3,4,6,19,25,6,张景祥,6,本科,5.5,是,0.24,否
齐鲁工业大学,山东,2,6,8,0,1,1,0,7,7,0,4,4,0,5,5,2,23,25,6,92,0,本科,4.5,是,0.0,否
上海大学,上海,1,1,2,0,1,1,2,4,6,1,5,6,1,8,9,5,19,24,7,徐姿,3,本科,7.5,是,0.125,否
广西师范大学,广西,0,1,1,0,5,5,0,8,8,2,1,3,1,6,7,3,21,24,7,成军,4,本科,5.0,是,0.16666666666666666,否
三峡大学,湖北,2,3,5,1,3,4,1,1,2,1,3,4,0,9,9,5,19,24,6,王敏、陈将宏、马德宜,3,本科,6.5,是,0.125,否
东北大学秦皇岛分校,河北,0,5,5,1,3,4,1,3,4,0,5,5,1,5,6,3,21,24,6,92,0,本科,5.5,是,0.0,否
中国民航大学,天津,0,2,2,0,4,4,3,3,6,2,4,6,1,5,6,6,18,24,6,秦绍萌、韩祥,3,本科,6.0,是,0.125,否
郑州铁路职业技术学院,河南,1,1,2,0,5,5,3,4,7,1,4,5,2,3,5,7,17,24,5,李静,5,专科,5.0,是,0.20833333333333334,否
福建师范大学,福建,0,6,6,1,3,4,3,4,7,2,4,6,0,1,1,6,18,24,1,周书明、唐嘉、赖惠林,4,本科,3.5,否,0.16666666666666666,否
大连海事大学,辽宁,0,3,3,3,3,6,0,4,4,1,6,7,0,3,3,4,19,23,5,92,0,本科,5.0,是,0.0,否
中原工学院,河南,0,5,5,1,4,5,0,5,5,1,3,4,0,4,4,2,21,23,4,郑利敏、陈媛媛,2,本科,4.0,否,0.08695652173913043,否
西北师范大学,甘肃,0,3,3,1,5,6,2,4,6,0,4,4,0,4,4,3,20,23,4,万建杰、张丽娜,2,本科,4.0,否,0.08695652173913043,否
华侨大学,福建,1,6,7,0,4,4,0,5,5,0,5,5,0,2,2,1,22,23,2,92,0,本科,3.5,否,0.0,否
兰州理工大学,甘肃,1,7,8,1,4,5,0,3,3,0,1,1,1,4,5,3,19,22,5,孟新友、常杰、杨帆、汪训洋,2,本科,3.0,否,0.09090909090909091,否
安徽工业大学,安徽,0,2,2,1,4,5,0,6,6,0,4,4,0,5,5,1,21,22,5,罗冬梅,5,本科,4.5,是,0.22727272727272727,否
安徽理工大学,安徽,0,5,5,0,3,3,0,6,6,0,5,5,1,2,3,1,21,22,5,关维娟、段炼、胡娟、覃晖,2,本科,4.0,否,0.09090909090909091,否
广东财经大学,广东,1,4,5,1,2,3,2,4,6,1,4,5,1,2,3,6,16,22,5,刘国刚,5,本科,4.0,否,0.22727272727272727,否
湖南大学,湖南,1,3,4,1,3,4,1,4,5,0,3,3,1,5,6,4,18,22,5,刘陶文、晏华辉、李永群、邹劭芬,2,本科,4.5,是,0.09090909090909091,否
内蒙古师范大学,内蒙古,1,4,5,1,3,4,1,5,6,0,5,5,0,2,2,3,19,22,4,陈阿茹娜,7,本科,3.5,否,0.3181818181818182,是
江西师范大学,江西,1,5,6,2,3,5,0,3,3,0,3,3,2,3,5,5,17,22,4,邓文丽,4,本科,4.0,否,0.18181818181818182,否
清华大学,北京,0,2,2,3,4,7,1,5,6,2,3,5,1,1,2,7,15,22,4,梁恒,17,本科,3.5,否,0.7727272727272727,是
云南师范大学,云南,0,1,1,0,1,1,0,5,5,1,5,6,1,7,8,2,19,21,8,黄斌超,10,本科,7.0,是,0.47619047619047616,是
湖北工业大学,湖北,1,1,2,3,3,6,0,4,4,1,2,3,3,3,6,8,13,21,5,田德生,4,本科,4.5,是,0.19047619047619047,否
西安邮电大学,陕西,0,5,5,0,2,2,0,3,3,0,4,4,1,6,7,1,20,21,5,丛伟杰,4,本科,5.5,是,0.19047619047619047,否
陕西交通职业技术学院,陕西,0,2,2,1,2,3,2,4,6,1,3,4,2,4,6,6,15,21,5,李青,5,专科,5.0,是,0.23809523809523808,否
暨南大学,广东,1,4,5,0,3,3,0,2,2,0,8,8,1,2,3,2,19,21,4,樊锁海,8,本科,5.5,是,0.38095238095238093,是
石家庄铁道大学,河北,0,6,6,1,5,6,2,2,4,1,2,3,0,2,2,4,17,21,2,王丽英,3,本科,2.5,否,0.14285714285714285,否
河南财经政法大学,河南,0,5,5,1,0,1,0,4,4,0,2,2,1,7,8,2,18,20,8,朱建章,6,本科,5.0,是,0.3,否
河南师范大学,河南,0,1,1,0,2,2,1,4,5,0,6,6,0,6,6,1,19,20,6,范海菊,9,本科,6.0,是,0.45,是
北京交通大学,北京,1,1,2,0,4,4,0,4,4,2,3,5,1,4,5,4,16,20,5,范秉理,9,本科,5.0,是,0.45,是
扬州大学,江苏,1,3,4,0,2,2,0,4,4,2,2,4,2,4,6,5,15,20,5,陈建,9,本科,5.0,是,0.45,是
辽宁师范大学,辽宁,1,2,3,0,3,3,0,4,4,1,3,4,1,5,6,3,17,20,5,顾吉林,13,本科,5.0,是,0.65,是
南京航空航天大学,江苏,0,3,3,0,5,5,1,4,5,0,1,1,2,4,6,3,17,20,4,文杰,4,本科,3.5,否,0.2,否
南昌大学,江西,0,4,4,1,3,4,2,2,4,1,2,3,0,5,5,4,16,20,4,胡立群,3,本科,4.0,否,0.15,否
河北地质大学,河北,1,3,4,1,3,4,0,5,5,2,1,3,2,2,4,6,14,20,4,张俊顺、杨延强,5,本科,3.5,否,0.25,否
战略支援部队信息工程大学,河南,1,4,5,1,6,7,2,6,8,0,0,0,0,0,0,4,16,20,0,段乾恒,6,本科,0.0,否,0.3,否
深圳职业技术大学,广东,0,0,0,0,0,0,2,4,6,1,4,5,2,6,8,5,14,19,6,梁兵、魏东平,3,本科,6.5,是,0.15789473684210525,否
辽宁工程技术大学,辽宁,1,5,6,1,1,2,1,3,4,1,3,4,1,2,3,5,14,19,4,于冬梅,3,本科,3.5,否,0.15789473684210525,否
江西财经大学,江西,1,4,5,1,3,4,1,3,4,1,2,3,1,2,3,5,14,19,3,华长生,4,本科,3.0,否,0.21052631578947367,否
浙江理工大学,浙江,1,2,3,4,4,8,0,3,3,2,1,3,1,1,2,8,11,19,3,92,0,本科,2.5,否,0.0,否
哈尔滨理工大学,黑龙江,2,5,7,0,3,3,1,4,5,0,2,2,0,2,2,3,16,19,2,吕月明、孙伟、孙阳、张红旭、董刚、谢巍,2,本科,2.0,否,0.10526315789473684,否
燕山大学,河北,2,3,5,2,5,7,0,2,2,1,2,3,0,2,2,5,14,19,2,章胤,8,本科,2.5,否,0.42105263157894735,是
内江师范学院,四川,3,5,8,0,1,1,2,2,4,0,1,1,1,3,4,6,12,18,4,牟廉明,15,本科,2.5,否,0.8333333333333334,是
南京工业职业技术大学,江苏,3,1,4,1,1,2,1,0,1,3,3,6,2,3,5,10,8,18,4,林小围、金跃强,3,本科,5.5,是,0.16666666666666666,否
桂林理工大学,广西,1,1,2,0,3,3,0,4,4,0,5,5,0,4,4,1,17,18,4,封全喜,3,本科,4.5,是,0.16666666666666666,否
浙江师范大学,浙江,1,3,4,1,2,3,1,3,4,0,2,2,3,2,5,6,12,18,4,亢闯闯、向道红,1,本科,3.5,否,0.05555555555555555,否
集美大学,福建,0,6,6,0,4,4,1,2,3,2,1,3,1,1,2,4,14,18,2,赖艺芬、郭更生,3,本科,2.5,否,0.16666666666666666,否
中国石油大学（北京）克拉玛依校区,新疆,0,4,4,0,4,4,1,4,5,2,3,5,0,0,0,3,15,18,0,92,0,本科,2.5,否,0.0,否
上海工程技术大学,上海,0,1,1,1,2,3,1,3,4,0,3,3,0,6,6,2,15,17,4,李春琳,9,本科,4.5,是,0.5294117647058824,是
兰州交通大学,甘肃,0,3,3,0,3,3,2,0,2,0,5,5,0,4,4,2,15,17,4,李杰梅、武振锋,2,本科,4.5,是,0.11764705882352941,否
对外经济贸易大学,北京,0,5,5,1,0,1,0,2,2,2,5,7,0,2,2,3,14,17,4,92,0,本科,4.5,是,0.0,否
山西机电职业技术学院,山西,2,2,4,0,2,2,3,1,4,1,2,3,2,2,4,8,9,17,4,郝鹏,5,专科,3.5,是,0.29411764705882354,否
重庆城市管理职业学院,重庆,1,1,2,1,2,3,1,3,4,1,3,4,2,2,4,6,11,17,4,胡耀文,4,专科,4.0,是,0.23529411764705882,否
东北石油大学,黑龙江,0,4,4,0,2,2,1,2,3,0,6,6,2,0,2,3,14,17,3,92,0,本科,4.0,否,0.0,否
西北农林科技大学,陕西,0,4,4,0,3,3,1,1,2,0,4,4,0,4,4,1,16,17,3,王婷婷、郑立飞,3,本科,4.0,否,0.17647058823529413,否
西安科技大学,陕西,0,6,6,0,1,1,1,3,4,0,5,5,0,1,1,1,16,17,3,高晓艳,3,本科,3.0,否,0.17647058823529413,否
海南科技职业大学,海南,0,2,2,0,7,7,1,3,4,0,2,2,0,2,2,1,16,17,2,陈丽米,5,本科,2.0,否,0.29411764705882354,否
贵州交通职业技术学院,贵州,0,7,7,0,6,6,1,3,4,0,0,0,0,0,0,1,16,17,1,吴新淼,3,专科,0.0,否,0.17647058823529413,否
厦门大学嘉庚学院,福建,0,0,0,2,2,4,0,4,4,0,3,3,0,5,5,2,14,16,5,林智鹏,4,本科,4.0,否,0.25,否
空军工程大学,陕西,0,1,1,0,1,1,2,4,6,0,7,7,0,1,1,2,14,16,5,郑明发,3,本科,4.0,否,0.1875,否
闽南师范大学,福建,1,2,3,1,3,4,0,2,2,0,2,2,0,5,5,2,14,16,5,张瑞,4,本科,3.5,否,0.25,否
东北财经大学,辽宁,0,3,3,1,1,2,1,4,5,1,1,2,1,3,4,4,12,16,4,李少亭,3,本科,3.0,否,0.1875,否
山东协和学院,山东,1,1,2,1,2,3,2,3,5,0,4,4,0,2,2,4,12,16,4,李晓敏、杨晶,4,本科,3.0,否,0.25,否
广州城建职业学院,广东,0,2,2,0,2,2,0,3,3,0,4,4,3,2,5,3,13,16,4,92,0,专科,4.5,是,0.0,否
河北工程大学,河北,0,3,3,0,2,2,1,3,4,1,2,3,1,3,4,3,13,16,4,路瑞华,7,本科,3.5,否,0.4375,是
河南大学,河南,0,4,4,0,3,3,0,0,0,2,3,5,0,4,4,2,14,16,4,高志锋,3,本科,4.5,是,0.1875,否
浙江经济职业技术学院,浙江,1,0,1,1,2,3,0,2,2,2,2,4,2,4,6,6,10,16,4,王文慧,6,专科,5.0,是,0.375,是
深圳技术大学,广东,0,0,0,2,2,4,0,5,5,0,4,4,0,3,3,2,14,16,4,但炜、何俊锋、王洪、田卫忠、贺方、陈寅、高武军,2,本科,3.5,否,0.125,否
南京大学,江苏,1,2,3,1,4,5,1,0,1,1,2,3,2,2,4,6,10,16,3,92,0,本科,3.5,否,0.0,否
安徽师范大学,安徽,0,1,1,0,5,5,0,2,2,0,3,3,1,4,5,1,15,16,3,周湘辉、黄旭东,2,本科,4.0,否,0.125,否
浙江大学,浙江,2,1,3,2,2,4,0,2,2,1,4,5,1,1,2,6,10,16,3,92,0,本科,3.5,否,0.0,否
上海电力大学,上海,2,3,5,2,3,5,0,1,1,1,0,1,0,4,4,5,11,16,2,邓化宇,7,本科,2.5,否,0.4375,是
南华大学,湖南,2,4,6,0,4,4,0,2,2,0,0,0,2,2,4,4,12,16,2,黄宠辉,4,本科,2.0,否,0.25,否
河南理工大学,河南,0,4,4,0,1,1,1,2,3,0,6,6,0,2,2,1,15,16,2,许顺维,5,本科,4.0,否,0.3125,是
河南科技大学,河南,1,2,3,0,4,4,1,3,4,0,0,0,0,4,4,2,13,15,4,张运章,4,本科,2.0,否,0.26666666666666666,否
长沙民政职业技术学院,湖南,0,0,0,1,2,3,0,3,3,1,5,6,1,2,3,3,12,15,4,宋艺、李占光,3,专科,4.5,是,0.2,否
东北师范大学,吉林,0,3,3,0,3,3,0,4,4,0,2,2,0,3,3,0,15,15,3,刘俊、孙佳宁、胡江,2,本科,2.5,否,0.13333333333333333,否
北京大学,北京,1,4,5,1,0,1,0,3,3,2,2,4,0,2,2,4,11,15,3,董子静,15,本科,3.0,否,1.0,是
西安培华学院,陕西,1,3,4,1,1,2,2,1,3,0,2,2,0,4,4,4,11,15,3,刘丽景、陈文利,3,本科,3.0,否,0.2,否
西安铁路职业技术学院,陕西,0,4,4,1,2,3,0,2,2,1,2,3,0,3,3,2,13,15,3,毛丽霞,5,专科,3.0,是,0.3333333333333333,是
厦门理工学院,福建,1,4,5,1,2,3,2,2,4,0,1,1,0,2,2,4,11,15,2,陈玉成,5,本科,1.5,否,0.3333333333333333,是
山东理工大学,山东,0,4,4,0,4,4,0,2,2,0,1,1,1,3,4,1,14,15,2,刘雪婷、李夫明、郑明文,2,本科,2.5,否,0.13333333333333333,否
湖南理工学院,湖南,1,4,5,1,3,4,0,2,2,1,3,4,0,0,0,3,12,15,2,杨宣兵,2,本科,2.0,否,0.13333333333333333,否
重庆工商大学,重庆,0,4,4,0,6,6,0,2,2,1,2,3,0,0,0,1,14,15,0,李高西,5,本科,1.5,否,0.3333333333333333,是
长春工业大学,吉林,1,5,6,0,4,4,0,3,3,1,1,2,0,0,0,2,13,15,0,秦喜文,5,本科,1.0,否,0.3333333333333333,是
台州科技职业学院,浙江,0,0,0,0,1,1,1,3,4,1,3,4,3,2,5,5,9,14,4,92,0,专科,4.5,是,0.0,否
陕西工业职业技术学院,陕西,1,0,1,1,1,2,1,4,5,2,4,6,0,0,0,5,9,14,4,田恬,4,专科,3.0,是,0.2857142857142857,否
中央财经大学,北京,0,4,4,0,0,0,0,5,5,0,2,2,1,2,3,1,13,14,3,林木,10,本科,2.5,否,0.7142857142857143,是
内蒙古大学,内蒙古,0,1,1,0,4,4,0,2,2,2,2,4,1,2,3,3,11,14,3,韩海涛,3,本科,3.5,否,0.21428571428571427,否
宁夏大学,宁夏,1,2,3,1,1,2,1,1,2,0,4,4,1,2,3,4,10,14,3,汪文帅,4,本科,3.5,否,0.2857142857142857,否
广东海洋大学,广东,0,0,0,1,3,4,0,1,1,1,4,5,2,2,4,4,10,14,3,崔庆岳,5,本科,4.5,是,0.35714285714285715,是
南通大学,江苏,0,2,2,2,3,5,1,2,3,1,1,2,1,1,2,5,9,14,2,孙林林,3,本科,2.0,否,0.21428571428571427,否
湖南师范大学,湖南,2,3,5,2,2,4,2,0,2,0,2,2,0,1,1,6,8,14,2,肖方慧,5,本科,1.5,否,0.35714285714285715,是
盐城工学院,江苏,2,4,6,0,1,1,1,1,2,1,1,2,2,1,3,6,8,14,2,92,0,本科,2.5,否,0.0,否
重庆理工大学,重庆,1,5,6,0,1,1,0,4,4,0,1,1,0,2,2,1,13,14,2,宋江敏,4,本科,1.5,否,0.2857142857142857,否
天津师范大学,天津,0,1,1,1,2,3,1,6,7,0,2,2,0,1,1,2,12,14,1,张永康、赵志学、邓兴超、黄蓉,2,本科,1.5,否,0.14285714285714285,否
青岛大学,山东,2,5,7,1,3,4,0,0,0,0,1,1,0,2,2,3,11,14,1,宋丽娜、钱守国,1,本科,1.5,否,0.07142857142857142,否
华北理工大学,河北,0,1,1,0,0,0,0,2,2,0,3,3,1,6,7,1,12,13,7,周旭,2,本科,5.0,是,0.15384615384615385,否
内蒙古工业大学,内蒙古,0,3,3,0,2,2,0,2,2,0,3,3,0,3,3,0,13,13,3,崔继峰,8,本科,3.0,否,0.6153846153846154,是
沈阳工业大学,辽宁,0,3,3,0,1,1,0,3,3,0,2,2,0,4,4,0,13,13,3,张洪涛,7,本科,3.0,否,0.5384615384615384,是
辽宁大学,辽宁,0,1,1,0,3,3,0,4,4,1,1,2,0,3,3,1,12,13,3,刘生全、徐晓宁、白洁,2,本科,2.5,否,0.15384615384615385,否
东华大学,上海,1,5,6,0,1,1,0,1,1,1,1,2,0,3,3,2,11,13,2,吴勇、吴笑千、张振中、杜玲珑、邓开连,1,本科,2.5,否,0.07692307692307693,否
西安工业大学,陕西,2,2,4,1,1,2,0,2,2,1,1,2,0,3,3,4,9,13,2,王文海,3,本科,2.5,否,0.23076923076923078,否
山西财经大学,山西,0,3,3,1,1,2,0,3,3,1,3,4,0,1,1,2,11,13,1,张晓琴、陈佳佳,2,本科,2.5,否,0.15384615384615385,否
柳州铁道职业技术学院,广西,0,2,2,0,2,2,0,0,0,0,3,3,0,5,5,0,12,12,5,陈溥,4,专科,4.0,是,0.3333333333333333,是
四川建筑职业技术学院,四川,0,1,1,0,1,1,0,3,3,1,2,3,0,4,4,1,11,12,4,黄磊,4,专科,3.5,是,0.3333333333333333,是
天津科技大学,天津,1,1,2,0,2,2,0,0,0,0,4,4,0,4,4,1,11,12,4,吕慧,2,本科,4.0,否,0.16666666666666666,否
武汉科技大学,湖北,0,1,1,0,0,0,1,5,6,1,1,2,1,2,3,3,9,12,4,邢远秀,2,本科,2.5,否,0.16666666666666666,否
湖南交通职业技术学院,湖南,1,1,2,0,0,0,2,0,2,3,1,4,1,3,4,7,5,12,3,刘健文、段敏,3,专科,4.0,是,0.25,否
南京中医药大学,江苏,0,5,5,0,1,1,0,1,1,0,4,4,0,1,1,0,12,12,2,92,0,本科,2.5,否,0.0,否
南京理工大学,江苏,1,0,1,1,4,5,1,1,2,2,1,3,0,1,1,5,7,12,2,金晓灿,2,本科,2.0,否,0.16666666666666666,否
常州大学,江苏,0,5,5,0,2,2,0,2,2,0,1,1,0,2,2,0,12,12,2,尤燕飞、王峰,1,本科,1.5,否,0.08333333333333333,否
湖南工商大学,湖南,0,2,2,3,2,5,0,1,1,1,2,3,0,1,1,4,8,12,2,姚落根、李小晖、谢小良,2,本科,2.0,否,0.16666666666666666,否
黔南民族师范学院,贵州,0,1,1,1,3,4,0,3,3,0,1,1,0,3,3,1,11,12,2,刘文博,4,本科,2.0,否,0.3333333333333333,是
天津商业大学,天津,2,1,3,1,2,3,1,4,5,0,0,0,0,1,1,4,8,12,1,耿峤峙,3,本科,0.5,否,0.25,否
济南大学,山东,2,5,7,0,1,1,0,1,1,0,2,2,0,1,1,2,10,12,1,孙鹏举、许振宇,3,本科,1.5,否,0.25,否
河北石油职业技术大学,河北,0,1,1,0,1,1,0,0,0,0,4,4,2,3,5,2,9,11,5,姜爽,2,本科,4.5,是,0.18181818181818182,否
重庆电子科技职业大学,重庆,0,0,0,0,0,0,0,0,0,3,3,6,1,4,5,4,7,11,5,张琳舒,3,本科,5.5,是,0.2727272727272727,否
南昌航空大学,江西,0,0,0,0,1,1,1,1,2,1,2,3,0,5,5,2,9,11,3,漆志鹏,2,本科,4.0,否,0.18181818181818182,否
山东管理学院,山东,1,0,1,0,2,2,0,1,1,1,4,5,0,2,2,2,9,11,3,毛园园,7,本科,3.5,否,0.6363636363636364,是
无锡职业技术学院,江苏,0,0,0,1,0,1,3,4,7,0,3,3,0,0,0,4,7,11,3,92,0,专科,1.5,否,0.0,否
西安明德理工学院,陕西,0,1,1,0,0,0,1,3,4,0,3,3,0,3,3,1,10,11,3,92,0,本科,3.0,否,0.0,否
中国科学技术大学,安徽,1,2,3,0,2,2,0,2,2,0,1,1,0,3,3,1,10,11,2,陈先进,1,本科,2.0,否,0.09090909090909091,否
华中师范大学,湖北,1,3,4,1,2,3,0,1,1,2,0,2,0,1,1,4,7,11,2,李波,6,本科,1.5,否,0.5454545454545454,是
天津理工大学,天津,0,3,3,1,1,2,0,2,2,0,2,2,0,2,2,1,10,11,2,徐春明,3,本科,2.0,否,0.2727272727272727,否
天津财经大学,天津,0,1,1,1,1,2,0,3,3,0,3,3,1,1,2,2,9,11,2,张程,3,本科,2.5,否,0.2727272727272727,否
安徽财经大学,安徽,0,3,3,0,2,2,0,1,1,0,2,2,0,3,3,0,11,11,2,徐健,2,本科,2.5,否,0.18181818181818182,否
山东建筑大学,山东,1,0,1,0,4,4,1,0,1,0,1,1,0,4,4,2,9,11,2,赵庆利,4,本科,2.5,否,0.36363636363636365,是
山东财经大学,山东,0,1,1,1,4,5,1,0,1,0,3,3,0,1,1,2,9,11,2,任敏,4,本科,2.0,否,0.36363636363636365,是
晋中师范高等专科学校,山西,0,3,3,0,3,3,1,1,2,0,1,1,1,1,2,2,9,11,2,游晋峰,5,专科,1.5,否,0.45454545454545453,是
武汉东湖学院,湖北,0,2,2,1,2,3,0,1,1,2,1,3,1,1,2,4,7,11,2,周雪,3,本科,2.5,否,0.2727272727272727,否
沈阳航空航天大学,辽宁,0,5,5,0,3,3,0,0,0,1,1,2,0,1,1,1,10,11,1,王诗云,2,本科,1.5,否,0.18181818181818182,否
长沙理工大学,湖南,1,3,4,1,4,5,0,1,1,1,0,1,0,0,0,3,8,11,1,胡海军,3,本科,0.5,否,0.2727272727272727,否
青海大学,青海,0,2,2,0,3,3,1,2,3,0,2,2,0,1,1,1,10,11,1,刘玉惠,1,本科,1.5,否,0.09090909090909091,否
香港中文大学(深圳),广东,1,3,4,0,4,4,0,0,0,0,1,1,0,2,2,1,10,11,1,王东,2,本科,1.5,否,0.18181818181818182,否
成都理工大学,四川,0,2,2,1,5,6,0,0,0,0,3,3,0,0,0,1,10,11,0,孟佳克,3,本科,1.5,否,0.2727272727272727,否
重庆电子工程职业学院,重庆,0,3,3,1,2,3,2,3,5,0,0,0,0,0,0,3,8,11,0,吴雪莎,3,专科,0.0,否,0.2727272727272727,否
河南职业技术学院,河南,0,0,0,0,0,0,0,0,0,0,5,5,1,4,5,1,9,10,5,郭军成,4,专科,5.0,是,0.4,是
天津铁道职业技术学院,天津,0,1,1,0,1,1,0,3,3,0,1,1,0,4,4,0,10,10,4,刘博,2,专科,2.5,是,0.2,否
重庆城市职业学院,重庆,0,1,1,0,1,1,0,1,1,0,3,3,2,2,4,2,8,10,4,王瑞,5,专科,3.5,是,0.5,是
南京信息职业技术学院,江苏,0,1,1,0,0,0,0,1,1,0,5,5,0,3,3,0,10,10,3,蔡鸣晶,3,专科,4.0,是,0.3,否
武汉软件工程职业学院,湖北,0,1,1,0,1,1,1,2,3,0,2,2,0,3,3,1,9,10,3,朱倩男、申郑,1,专科,2.5,是,0.1,否
中国农业大学,北京,1,1,2,0,1,1,0,0,0,1,1,2,1,4,5,3,7,10,2,吕同玲,3,本科,3.5,否,0.3,否
临沂大学,山东,0,1,1,0,2,2,1,3,4,0,1,1,0,2,2,1,9,10,2,郭政,4,本科,1.5,否,0.4,是
华东理工大学,上海,1,1,2,0,2,2,1,0,1,1,1,2,1,2,3,4,6,10,2,苏纯洁,3,本科,2.5,否,0.3,否
南京师范大学,江苏,0,0,0,1,3,4,0,0,0,0,0,0,3,3,6,4,6,10,2,92,0,本科,3.0,否,0.0,否
湖南科技大学,湖南,0,0,0,0,4,4,0,3,3,0,1,1,0,2,2,0,10,10,2,刘赛玉,3,本科,1.5,否,0.3,否
阜阳职业技术学院,安徽,0,2,2,0,3,3,0,3,3,0,0,0,1,1,2,1,9,10,2,丁学利、王静,3,专科,1.0,否,0.3,否
韩山师范学院,广东,0,2,2,0,1,1,1,2,3,0,2,2,0,2,2,1,9,10,2,李晨、林海涛、王枝宁、肖刚、蔡钰麟、薛焕斌、邱一峰、陈妙霞,1,本科,2.0,否,0.1,否
鲁东大学,山东,0,4,4,0,0,0,1,4,5,0,0,0,0,1,1,1,9,10,2,刘伟,7,本科,0.5,否,0.7,是
苏州大学,江苏,0,2,2,2,2,4,1,0,1,0,1,1,0,2,2,3,7,10,1,严继高,3,本科,1.5,否,0.3,否
重庆工业职业技术学院,重庆,1,0,1,0,2,2,1,1,2,2,3,5,0,0,0,4,6,10,0,刘双、李坤琼、李涛、杨华、王黎明、罗小玉,1,专科,2.5,是,0.1,否
石家庄铁路职业技术学院,河北,0,1,1,0,1,1,0,1,1,0,1,1,0,5,5,0,9,9,5,92,0,专科,3.0,是,0.0,否
广西工业职业技术学院,广西,0,1,1,0,1,1,0,2,2,0,2,2,0,3,3,0,9,9,3,吴莉莎,3,专科,2.5,是,0.3333333333333333,是
江西师范高等专科学校,江西,1,0,1,0,0,0,1,2,3,1,2,3,0,2,2,3,6,9,3,曾小彩,4,专科,2.5,是,0.4444444444444444,是
东华理工大学,江西,0,2,2,1,1,2,0,2,2,0,1,1,0,2,2,1,8,9,2,杨志辉,3,本科,1.5,否,0.3333333333333333,是
中央民族大学,北京,1,0,1,1,1,2,0,2,2,0,3,3,1,0,1,3,6,9,2,92,0,本科,2.0,否,0.0,否
北京工业大学,北京,1,1,2,0,0,0,0,1,1,0,3,3,0,3,3,1,8,9,2,刘磊、韩敏,2,本科,3.0,否,0.2222222222222222,否
安徽建筑大学,安徽,1,2,3,0,0,0,0,2,2,0,1,1,0,3,3,1,8,9,2,赵林,2,本科,2.0,否,0.2222222222222222,否
山东科技大学,山东,0,2,2,1,1,2,2,0,2,0,1,1,0,2,2,3,6,9,2,王新赠,4,本科,1.5,否,0.4444444444444444,是
山西省财政税务专科学校,山西,1,1,2,0,2,2,1,1,2,0,1,1,0,2,2,2,7,9,2,张云霞、张玮,3,专科,1.5,否,0.3333333333333333,是
广州铁路职业技术学院,广东,0,0,0,1,2,3,0,0,0,2,3,5,1,0,1,4,5,9,2,周小玲,4,专科,3.0,是,0.4444444444444444,是
扬州工业职业技术学院,江苏,0,0,0,2,0,2,2,0,2,0,3,3,1,1,2,5,4,9,2,92,0,专科,2.5,是,0.0,否
浙江工商大学,浙江,0,0,0,0,2,2,0,1,1,0,3,3,2,1,3,2,7,9,2,崔峰,3,本科,3.0,否,0.3333333333333333,是
温州大学,浙江,2,2,4,0,0,0,0,2,2,0,1,1,0,2,2,2,7,9,2,严传魁,4,本科,1.5,否,0.4444444444444444,是
陕西铁路工程职业技术学院,陕西,0,1,1,0,1,1,1,2,3,0,1,1,0,3,3,1,8,9,2,董艳,4,专科,2.0,是,0.4444444444444444,是
中国地质大学（北京）,北京,1,2,3,2,0,2,0,1,1,0,3,3,0,0,0,3,6,9,1,王宇欣、王翠香、赵彬、马兆海、黄光东,1,本科,1.5,否,0.1111111111111111,否
哈尔滨医科大学,黑龙江,0,2,2,1,1,2,0,2,2,0,1,1,1,1,2,2,7,9,1,王书元,2,本科,1.5,否,0.2222222222222222,否
山西工程职业学院,山西,1,1,2,1,2,3,1,1,2,0,1,1,0,1,1,3,6,9,1,张艳萍,3,专科,1.0,否,0.3333333333333333,是
景德镇陶瓷大学,江西,1,3,4,0,3,3,0,1,1,0,1,1,0,0,0,1,8,9,1,杨利华,3,本科,0.5,否,0.3333333333333333,是
淄博师范高等专科学校,山东,0,3,3,2,1,3,0,1,1,0,2,2,0,0,0,2,7,9,1,沙旭东、辛乐,1,专科,1.0,否,0.1111111111111111,否
湖南第一师范学院,湖南,1,1,2,1,2,3,1,2,3,0,1,1,0,0,0,3,6,9,1,何孝凯、卢霖、卿芳、唐微、杨旭光、林桂元、王增赟、王志勇、赵清贵,1,本科,0.5,否,0.1111111111111111,否
重庆科创职业学院,重庆,0,1,1,1,0,1,1,2,3,1,2,3,0,1,1,3,6,9,1,褚丽娜,4,专科,2.0,是,0.4444444444444444,是
福建农林大学,福建,0,2,2,0,2,2,1,3,4,0,1,1,0,0,0,1,8,9,0,蔡水英,3,本科,0.5,否,0.3333333333333333,是
西南交通大学峨眉校区,四川,4,5,9,0,0,0,0,0,0,0,0,0,0,0,0,4,5,9,0,张雁、徐昌贵,3,本科,0.0,否,0.3333333333333333,是
山西农业大学,山西,0,1,1,0,2,2,0,0,0,0,1,1,0,4,4,0,8,8,4,张莉莉、王福贵,2,本科,2.5,否,0.25,否
昆明冶金高等专科学校,云南,0,0,0,0,0,0,0,1,1,0,3,3,0,4,4,0,8,8,4,杨燕,2,专科,3.5,是,0.25,否
太原科技大学,山西,0,1,1,0,0,0,1,0,1,1,2,3,1,2,3,3,5,8,3,崔学英,2,本科,3.0,否,0.25,否
河南工学院,河南,1,0,1,0,1,1,0,0,0,0,3,3,0,3,3,1,7,8,3,刘玉堂,2,本科,3.0,否,0.25,否
湘潭理工学院,湖南,0,0,0,0,0,0,0,3,3,0,1,1,1,3,4,1,7,8,3,温创新,2,本科,2.5,否,0.25,否
焦作大学,河南,0,0,0,0,0,0,0,2,2,1,2,3,0,3,3,1,7,8,3,王岗、马小霞,2,专科,3.0,是,0.25,否
长江大学,湖北,0,1,1,0,0,0,0,1,1,1,3,4,0,2,2,1,7,8,3,郭金海,4,本科,3.0,否,0.5,是
上海师范大学,上海,0,1,1,0,2,2,0,1,1,0,3,3,0,1,1,0,8,8,2,马丹,2,本科,2.0,否,0.25,否
上海海洋大学,上海,0,2,2,0,1,1,0,1,1,1,1,2,2,0,2,3,5,8,2,刘太岗、肖启华,2,本科,2.0,否,0.25,否
中南林业科技大学,湖南,0,1,1,0,2,2,0,2,2,0,0,0,1,2,3,1,7,8,2,郑璇,2,本科,1.5,否,0.25,否
北京信息职业技术学院,北京,0,0,0,1,1,2,0,1,1,2,1,3,2,0,2,5,3,8,2,刘清华、王玥玥,3,专科,2.5,是,0.375,是
南方医科大学,广东,0,1,1,1,1,2,0,2,2,0,2,2,0,1,1,1,7,8,2,陈志锋,3,本科,1.5,否,0.375,是
嘉应学院,广东,0,1,1,0,2,2,0,0,0,0,1,1,1,3,4,1,7,8,2,黄可坤,4,本科,2.5,否,0.5,是
四川农业大学,四川,1,0,1,0,1,1,0,3,3,0,1,1,0,2,2,1,7,8,2,92,0,本科,1.5,否,0.0,否
天津农学院,天津,0,2,2,0,0,0,0,1,1,1,2,3,0,2,2,1,7,8,2,房宏,3,本科,2.5,否,0.375,是
天津职业大学,天津,1,1,2,0,2,2,0,1,1,0,1,1,0,2,2,1,7,8,2,周爱丽,2,本科,1.5,否,0.25,否
安庆师范大学,安徽,0,1,1,0,2,2,1,1,2,0,1,1,1,1,2,2,6,8,2,戴林送、王拥兵、胡学平,2,本科,1.5,否,0.25,否
德州学院,山东,0,1,1,0,1,1,1,2,3,1,0,1,0,2,2,2,6,8,2,张晓雪、高秀莲,3,本科,1.5,否,0.375,是
成都工业学院,四川,0,1,1,0,3,3,1,1,2,0,0,0,1,1,2,2,6,8,2,任大源、张乾荣,2,本科,1.0,否,0.25,否
沈阳师范大学,辽宁,0,1,1,0,1,1,0,1,1,1,3,4,0,1,1,1,7,8,2,邵永运,4,本科,2.5,否,0.5,是
济南职业学院,山东,1,0,1,0,0,0,2,0,2,2,0,2,1,2,3,6,2,8,2,崔敏,3,专科,2.5,是,0.375,是
贵阳人文科技学院,贵州,0,1,1,0,2,2,1,1,2,0,2,2,0,1,1,1,7,8,2,王飞,2,本科,1.5,否,0.25,否
赣南师范大学,江西,0,0,0,0,3,3,0,3,3,0,1,1,0,1,1,0,8,8,2,刘财辉、邱树林、黄进红,2,本科,1.0,否,0.25,否
重庆建筑工程职业学院,重庆,0,1,1,0,2,2,0,1,1,0,2,2,0,2,2,0,8,8,2,李倩,4,专科,2.0,是,0.5,是
浙江中医药大学,浙江,1,0,1,0,3,3,1,2,3,0,1,1,0,0,0,2,6,8,1,金伟锋,4,本科,0.5,否,0.5,是
黑龙江大学,黑龙江,0,1,1,0,2,2,0,1,1,0,1,1,0,3,3,0,8,8,1,姚明臣,4,本科,2.0,否,0.5,是
陇南师范高等专科学校,甘肃,1,3,4,0,2,2,0,2,2,0,0,0,0,0,0,1,7,8,0,叶建龙、尚清芳、崔俊峰、李煜彦、李锐、程军锋、蒲宝卿、蒲武军,1,专科,0.0,否,0.125,否
成都理工大学工程技术学院,四川,0,0,0,0,0,0,0,2,2,0,1,1,0,4,4,0,7,7,4,李密、马致远,2,本科,2.5,否,0.2857142857142857,否
桂林旅游学院,广西,0,1,1,0,0,0,1,1,2,0,1,1,0,3,3,1,6,7,3,陈鉴知,2,本科,2.0,否,0.2857142857142857,否
甘肃财贸职业学院,甘肃,0,0,0,0,0,0,0,1,1,0,3,3,2,1,3,2,5,7,3,李发学、王穆一雄,2,专科,3.0,是,0.2857142857142857,否
上海海事大学,上海,0,2,2,0,0,0,1,0,1,0,2,2,0,2,2,1,6,7,2,洪敏浩,3,本科,2.0,否,0.42857142857142855,是
上海科技大学,上海,0,0,0,0,2,2,0,0,0,0,2,2,0,3,3,0,7,7,2,丁之元、岳海天、薛博卿,1,本科,2.5,否,0.14285714285714285,否
北方民族大学,宁夏,0,0,0,0,2,2,0,1,1,1,1,2,0,2,2,1,6,7,2,董建强,3,本科,2.0,否,0.42857142857142855,是
山东交通职业学院,山东,0,0,0,0,1,1,0,1,1,0,0,0,1,4,5,1,6,7,2,刘亚南、王刚,2,专科,2.5,是,0.2857142857142857,否
武汉商学院,湖北,0,1,1,0,0,0,0,2,2,0,0,0,0,4,4,0,7,7,2,晏丽霞,2,本科,2.0,否,0.2857142857142857,否
聊城大学,山东,0,1,1,1,0,1,0,0,0,0,3,3,0,2,2,1,6,7,2,牛传择、牛霄、郑红霞,2,本科,2.5,否,0.2857142857142857,否
西安职业技术学院,陕西,0,1,1,0,0,0,0,2,2,0,2,2,0,2,2,0,7,7,2,李洁琼,3,专科,2.0,是,0.42857142857142855,是
重庆航天职业技术学院,重庆,0,1,1,0,0,0,1,1,2,1,1,2,1,1,2,3,4,7,2,蔡园,3,专科,2.0,是,0.42857142857142855,是
上海理工大学,上海,1,1,2,0,2,2,0,2,2,0,0,0,1,0,1,2,5,7,1,余旭洪、张广、杨倩、王丹、田昕、胡洪晓、雍燕,1,本科,0.5,否,0.14285714285714285,否
九江学院,江西,0,2,2,1,1,2,0,2,2,0,1,1,0,0,0,1,6,7,1,李江峰,3,本科,0.5,否,0.42857142857142855,是
北京化工大学,北京,1,2,3,0,1,1,0,0,0,0,0,0,1,2,3,2,5,7,1,郭威力,2,本科,1.5,否,0.2857142857142857,否
北京理工大学珠海学院,广东,0,1,1,0,3,3,0,2,2,0,1,1,0,0,0,0,7,7,1,贾云涛,3,本科,0.5,否,0.42857142857142855,是
吉林财经大学,吉林,0,1,1,0,2,2,0,2,2,0,1,1,0,1,1,0,7,7,1,孟丽新、木仁,2,本科,1.0,否,0.2857142857142857,否
山东农业大学,山东,0,3,3,0,0,0,0,0,0,0,3,3,0,1,1,0,7,7,1,于瑞林、刘梦良、王晶、王颜,1,本科,2.0,否,0.14285714285714285,否
山西金融职业学院,山西,0,2,2,0,1,1,1,1,2,1,0,1,0,1,1,2,5,7,1,郭廷花,3,专科,1.0,否,0.42857142857142855,是
广东轻工职业技术学院,广东,2,2,4,1,0,1,0,2,2,0,0,0,0,0,0,3,4,7,1,92,0,专科,0.0,否,0.0,否
曲阜师范大学,山东,0,2,2,0,1,1,0,1,1,1,2,3,0,0,0,1,6,7,1,徐伟、王培合、王少新、王玉田、王飞、许其义、邹娟,1,本科,1.5,否,0.14285714285714285,否
杨凌职业技术学院,陕西,0,1,1,1,1,2,0,2,2,0,2,2,0,0,0,1,6,7,1,张晓妮、朱军伟,2,专科,1.0,否,0.2857142857142857,否
江苏科技大学张家港校区,江苏,0,3,3,0,0,0,0,1,1,0,2,2,0,1,1,0,7,7,1,张燕、谌宏,2,本科,1.5,否,0.2857142857142857,否
江西工程学院,江西,0,3,3,0,1,1,0,0,0,0,1,1,0,2,2,0,7,7,1,周小红,3,本科,1.5,否,0.42857142857142855,是
沈阳建筑大学,辽宁,1,1,2,0,2,2,0,0,0,0,1,1,0,2,2,1,6,7,1,徐启程、马龙,2,本科,1.5,否,0.2857142857142857,否
湖南工程学院,湖南,0,2,2,0,1,1,0,1,1,1,1,2,1,0,1,2,5,7,1,方江林,6,本科,1.5,否,0.8571428571428571,是
西藏大学,西藏,0,1,1,0,1,1,0,2,2,0,2,2,0,1,1,0,7,7,1,92,0,本科,1.5,否,0.0,否
贵州民族大学,贵州,0,4,4,0,1,1,0,1,1,0,1,1,0,0,0,0,7,7,1,沈长春,4,本科,0.5,否,0.5714285714285714,是
重庆交通职业学院,重庆,1,0,1,0,1,1,0,2,2,1,1,2,1,0,1,3,4,7,1,李信军,4,专科,1.5,否,0.5714285714285714,是
铜仁学院,贵州,0,1,1,0,2,2,1,1,2,0,2,2,0,0,0,1,6,7,1,刘声、夏林丽、姚娟、隆蓉,1,本科,1.0,否,0.14285714285714285,否
陕西财经职业技术学院,陕西,1,0,1,1,1,2,0,1,1,0,0,0,0,3,3,2,5,7,1,余小花、杨光,2,专科,1.5,否,0.2857142857142857,否
中南财经政法大学,湖北,1,3,4,0,2,2,0,0,0,0,1,1,0,0,0,1,6,7,0,卢国祥、常金华、曹永秀、熊波、程水林、陈荆松、魏娜,1,本科,0.5,否,0.14285714285714285,否
南京工业大学,江苏,2,4,6,0,0,0,0,0,0,0,0,0,0,1,1,2,5,7,0,赵剑,2,本科,0.5,否,0.2857142857142857,否
深圳职业技术学院,广东,1,2,3,1,3,4,0,0,0,0,0,0,0,0,0,2,5,7,0,刘志勇、李欣、杨群、梁兵、赵洪雅、雷田礼、魏东平,1,专科,0.0,否,0.14285714285714285,否
西南林业大学,云南,0,3,3,0,1,1,0,1,1,0,2,2,0,0,0,0,7,7,0,陈焱,2,本科,1.0,否,0.2857142857142857,否
北京邮电大学玛丽女王海南学院,海南,0,0,0,0,0,0,0,0,0,0,2,2,0,4,4,0,6,6,4,苏苗苗,2,本科,3.0,否,0.3333333333333333,是
东莞理工学院,广东,1,0,1,0,0,0,0,2,2,0,1,1,0,2,2,1,5,6,2,张丽芳、王立本,2,本科,1.5,否,0.3333333333333333,是
中国地质大学(武汉),湖北,0,0,0,0,0,0,0,0,0,0,0,0,1,5,6,1,5,6,2,王元媛,2,本科,3.0,否,0.3333333333333333,是
华北电力大学,北京,0,0,0,0,1,1,0,3,3,0,1,1,0,1,1,0,6,6,2,李敏、雍雪林,2,本科,1.0,否,0.3333333333333333,是
四川财经职业学院,四川,0,1,1,0,1,1,0,1,1,0,1,1,1,1,2,1,5,6,2,王继,2,专科,1.5,否,0.3333333333333333,是
大连大学,辽宁,0,0,0,0,0,0,0,3,3,0,2,2,0,1,1,0,6,6,2,92,0,本科,1.5,否,0.0,否
安徽农业大学,安徽,0,1,1,0,0,0,0,0,0,0,4,4,1,0,1,1,5,6,2,岳振宇、张勇、杨宝华、梁松、谢贤红、闫萍,1,本科,2.5,否,0.16666666666666666,否
广东技术师范大学,广东,0,0,0,0,0,0,0,2,2,1,0,1,0,3,3,1,5,6,2,萧展豪,2,本科,2.0,否,0.3333333333333333,是
广东茂名幼儿师范专科学校,广东,0,0,0,0,0,0,1,1,2,0,2,2,0,2,2,1,5,6,2,张颖、杨廷尧,3,专科,2.0,是,0.5,是
江西职业技术大学,江西,0,0,0,0,0,0,0,0,0,2,0,2,1,3,4,3,3,6,2,92,0,本科,3.0,否,0.0,否
济宁职业技术学院,山东,0,0,0,0,0,0,0,0,0,0,1,1,0,5,5,0,6,6,2,颛孙云喜,2,专科,3.0,是,0.3333333333333333,是
烟台大学,山东,0,1,1,0,0,0,2,2,4,0,0,0,0,1,1,2,4,6,2,陈传军,3,本科,0.5,否,0.5,是
西安欧亚学院,陕西,0,1,1,0,0,0,0,2,2,0,2,2,0,1,1,0,6,6,2,马明远,3,本科,1.5,否,0.5,是
西安电力高等专科学校,陕西,0,1,1,0,0,0,0,1,1,0,0,0,1,3,4,1,5,6,2,姚振宇,1,专科,2.0,是,0.16666666666666666,否
郑州轻工业大学,河南,0,1,1,0,3,3,0,0,0,0,0,0,0,2,2,0,6,6,2,耿宏瑞、荣民希、齐静,2,本科,1.0,否,0.3333333333333333,是
陆军军医大学,重庆,0,1,1,0,1,1,0,2,2,0,0,0,0,2,2,0,6,6,2,罗万春、马翠,2,本科,1.0,否,0.3333333333333333,是
陕西农林职业技术大学,陕西,0,0,0,0,0,0,0,0,0,0,0,0,1,5,6,1,5,6,2,朱军伟,3,本科,3.0,否,0.5,是
陕西能源职业技术学院,陕西,1,0,1,0,0,0,0,1,1,1,3,4,0,0,0,2,4,6,2,沈璐璐,2,专科,2.0,是,0.3333333333333333,是
上海民航职业技术学院,上海,0,3,3,0,0,0,0,1,1,1,0,1,0,1,1,1,5,6,1,李娜、殷正阳,3,专科,1.0,否,0.5,是
上海电子信息职业技术学院,上海,2,0,2,0,0,0,0,2,2,0,1,1,0,1,1,2,4,6,1,刘冬燕,1,专科,1.0,否,0.16666666666666666,否
中国矿业大学（北京）,北京,0,4,4,0,0,0,1,1,2,0,0,0,0,0,0,1,5,6,1,吴楠、国洪松、李金蒋、李静爽、林朋、田凯,1,本科,0.0,否,0.16666666666666666,否
内蒙古农业大学,内蒙古,0,1,1,1,1,2,0,0,0,0,2,2,0,1,1,1,5,6,1,张军,3,本科,1.5,否,0.5,是
北京师范大学-香港浸会大学联合国际学院,广东,0,1,1,0,2,2,2,0,2,0,1,1,0,0,0,2,4,6,1,92,0,本科,0.5,否,0.0,否
华北水利水电大学,河南,0,3,3,0,2,2,0,0,0,0,0,0,1,0,1,1,5,6,1,彭高辉、曹海松、游弥漫、王俊芳、申建伟、陈莹莹,1,本科,0.5,否,0.16666666666666666,否
南京审计大学,江苏,1,0,1,0,2,2,1,0,1,0,1,1,0,1,1,2,4,6,1,刘桂东、赵彦勇、陆辉,1,本科,1.0,否,0.16666666666666666,否
广州医科大学,广东,0,2,2,0,2,2,0,0,0,0,0,0,0,2,2,0,6,6,1,傅洪波、刘洋,2,本科,1.0,否,0.3333333333333333,是
广州城市理工学院,广东,0,1,1,1,1,2,0,1,1,0,1,1,0,1,1,1,5,6,1,吴丽镐,4,本科,1.0,否,0.6666666666666666,是
广州民航职业技术学院,广东,1,1,2,0,1,1,0,1,1,1,1,2,0,0,0,2,4,6,1,黄宇飞,4,专科,1.0,否,0.6666666666666666,是
广州番禺职业技术学院,广东,0,0,0,2,0,2,0,1,1,0,3,3,0,0,0,2,4,6,1,郭连红,3,专科,1.5,否,0.5,是
徐州工程学院,江苏,0,3,3,0,0,0,0,1,1,0,1,1,0,1,1,0,6,6,1,赵建强,3,本科,1.0,否,0.5,是
惠州学院,广东,0,1,1,0,2,2,0,1,1,0,1,1,0,1,1,0,6,6,1,郑斯斯,2,本科,1.0,否,0.3333333333333333,是
浙江商业职业技术学院,浙江,0,3,3,0,0,0,1,1,2,0,1,1,0,0,0,1,5,6,1,92,0,专科,0.5,否,0.0,否
淮阴工学院,江苏,0,0,0,2,0,2,0,1,1,1,0,1,1,1,2,4,2,6,1,92,0,本科,1.5,否,0.0,否
湖南人文科技学院,湖南,0,0,0,0,2,2,0,0,0,0,2,2,1,1,2,1,5,6,1,李军成,3,本科,2.0,否,0.5,是
澳门科技大学,澳门,0,1,1,0,1,1,0,2,2,0,1,1,0,1,1,0,6,6,1,蔡占川,6,本科,1.0,否,1.0,是
烟台职业学院,山东,0,0,0,0,2,2,0,1,1,1,2,3,0,0,0,1,5,6,1,周松,4,专科,1.5,否,0.6666666666666666,是
玉林师范学院,广西,0,1,1,1,1,2,0,1,1,0,1,1,1,0,1,2,4,6,1,罗志荣,2,本科,1.0,否,0.3333333333333333,是
福建信息职业技术学院,福建,1,1,2,0,1,1,0,1,1,0,1,1,0,1,1,1,5,6,1,92,0,专科,1.0,否,0.0,否
西安石油大学,陕西,0,1,1,0,1,1,0,0,0,0,2,2,0,2,2,0,6,6,1,付瑞琴、刘孝艳、卢学飞、杜建丽、王勋涛、魏朝颖,1,本科,2.0,否,0.16666666666666666,否
辽宁石油化工大学,辽宁,0,2,2,0,1,1,0,0,0,0,0,0,1,2,3,1,5,6,1,乔靖来、张明昕、李金秋、王涛、詹莹、陈德艳,1,本科,1.5,否,0.16666666666666666,否
运城学院,山西,0,4,4,0,1,1,0,0,0,0,0,0,0,1,1,0,6,6,1,孙培禄,2,本科,0.5,否,0.3333333333333333,是
重庆水利电力职业技术学院,重庆,0,0,0,0,2,2,0,1,1,1,1,2,1,0,1,2,4,6,1,王国栋、谢艳云,2,专科,1.5,否,0.3333333333333333,是
重庆财经职业学院,重庆,0,1,1,1,0,1,1,0,1,1,1,2,0,1,1,3,3,6,1,程鹏,4,专科,1.5,否,0.6666666666666666,是
云南大学滇池学院,云南,0,1,1,0,1,1,0,2,2,0,2,2,0,0,0,0,6,6,0,张腾云、朴丽莎、杜豫菲、杨博宁、王晓旭、王杉,1,本科,1.0,否,0.16666666666666666,否
云南财经大学,云南,0,0,0,1,2,3,0,2,2,0,1,1,0,0,0,1,5,6,0,高文,3,本科,0.5,否,0.5,是
克拉玛依职业技术学院,新疆,1,0,1,0,2,2,0,2,2,0,1,1,0,0,0,1,5,6,0,高爱民,3,专科,0.5,否,0.5,是
北华大学,吉林,0,1,1,0,1,1,0,2,2,0,2,2,0,0,0,0,6,6,0,曹名圆,2,本科,1.0,否,0.3333333333333333,是
塔里木大学,新疆,0,5,5,0,0,0,0,0,0,0,1,1,0,0,0,0,6,6,0,刘云、唐芳、安艳、江伟、郑良芳、韩天红,1,本科,0.5,否,0.16666666666666666,否
广西科技大学,广西,0,1,1,0,1,1,1,1,2,1,1,2,0,0,0,2,4,6,0,李政林,4,本科,1.0,否,0.6666666666666666,是
广西职业技术学院,广西,1,1,2,0,1,1,0,1,1,0,2,2,0,0,0,1,5,6,0,92,0,专科,1.0,否,0.0,否
延边大学,吉林,0,2,2,1,1,2,0,1,1,0,1,1,0,0,0,1,5,6,0,孙文渊、朴光日、许晖、郭云飞、金广辉、钟立楠,1,本科,0.5,否,0.16666666666666666,否
成都航空职业技术学院,四川,0,0,0,1,0,1,1,1,2,0,3,3,0,0,0,2,4,6,0,92,0,专科,1.5,否,0.0,否
西京学院,陕西,0,1,1,0,4,4,0,0,0,0,0,0,0,1,1,0,6,6,0,任水利、刘鑫、吴静、惠小健、杨阳、章培军,1,本科,0.5,否,0.16666666666666666,否
长春师范大学,吉林,0,1,1,0,0,0,0,1,1,0,0,0,0,3,3,0,5,5,3,侯国亮、刘仁云、李东平、杨颖、罗英语,1,本科,1.5,否,0.2,否
中国石油大学(华东),山东,0,0,0,0,0,0,0,0,0,0,0,0,0,5,5,0,5,5,2,陈华,2,本科,2.5,否,0.4,是
乐山师范学院,四川,0,0,0,0,0,0,0,1,1,0,2,2,0,2,2,0,5,5,2,刘高峰,2,本科,2.0,否,0.4,是
云南国防工业职业技术学院,云南,0,1,1,0,0,0,0,1,1,0,1,1,1,1,2,1,4,5,2,李明伟、陈桃、马招丽,1,专科,1.5,否,0.2,否
北师香港浸会大学,广东,0,0,0,0,0,0,0,0,0,0,0,0,0,5,5,0,5,5,2,92,0,本科,2.5,否,0.0,否
广州中医药大学,广东,0,0,0,0,0,0,0,2,2,0,1,1,0,2,2,0,5,5,2,魏航,3,本科,1.5,否,0.6,是
广西水利电力职业技术学院,广西,0,0,0,1,0,1,0,1,1,1,0,1,0,2,2,2,3,5,2,92,0,专科,1.5,否,0.0,否
成都信息工程大学,四川,0,0,0,1,0,1,0,0,0,0,2,2,0,2,2,1,4,5,2,张秋燕,2,本科,2.0,否,0.4,是
武汉纺织大学,湖北,0,0,0,0,0,0,0,1,1,0,0,0,1,3,4,1,4,5,2,石先军,1,本科,2.0,否,0.2,否
武汉职业技术学院,湖北,0,0,0,0,0,0,0,2,2,2,1,3,0,0,0,2,3,5,2,夏婧,2,专科,1.5,否,0.4,是
河南工业大学,河南,0,0,0,1,1,2,1,0,1,0,0,0,0,2,2,2,3,5,2,李明浩,2,本科,1.0,否,0.4,是
河南工业职业技术学院,河南,0,0,0,0,1,1,0,1,1,0,1,1,0,2,2,0,5,5,2,侯雅雅,2,专科,1.5,否,0.4,是
河南机电职业学院,河南,0,0,0,0,0,0,0,1,1,0,2,2,0,2,2,0,5,5,2,宋亚博、张乐、张利轩、未庆超、苗国耀,1,专科,2.0,是,0.2,否
电子科技大学格拉斯哥海南学院,海南,0,0,0,0,0,0,0,0,0,0,3,3,0,2,2,0,5,5,2,黎强,2,本科,2.5,否,0.4,是
福建理工大学,福建,0,0,0,0,0,0,0,1,1,0,2,2,0,2,2,0,5,5,2,林晶,2,本科,2.0,否,0.4,是
西华师范大学,四川,0,2,2,0,1,1,0,0,0,0,0,0,0,2,2,0,5,5,2,代荣获、冯小高、谭代伦、郑伯川、陈豫眉,1,本科,1.0,否,0.2,否
西安工程大学,陕西,0,0,0,0,0,0,0,0,0,2,1,3,0,2,2,2,3,5,2,曹慧平、杨海、续秋霞、赵宁波、赵文芝,1,本科,2.5,否,0.2,否
贵州交通职业大学,贵州,0,0,0,0,0,0,0,0,0,0,3,3,0,2,2,0,5,5,2,何望鉴、尚晓娟、张克声、李金翔、罗勋,1,本科,2.5,否,0.2,否
上海对外经贸大学,上海,0,1,1,0,2,2,0,1,1,0,1,1,0,0,0,0,5,5,1,周大鹏、朱建明、李瑞囡、柳树,1,本科,0.5,否,0.2,否
中国矿业大学,江苏,0,1,1,0,1,1,0,1,1,0,1,1,1,0,1,1,4,5,1,李金波、祁永强,2,本科,1.0,否,0.4,是
云南农业大学,云南,0,2,2,0,0,0,0,1,1,0,1,1,0,1,1,0,5,5,1,邱勇,2,本科,1.0,否,0.4,是
佛山科学技术学院,广东,0,3,3,0,0,0,0,2,2,0,0,0,0,0,0,0,5,5,1,鲁鑫,2,本科,0.0,否,0.4,是
内蒙古农业大学职业技术学院,内蒙古,0,1,1,0,1,1,0,2,2,0,0,0,0,1,1,0,5,5,1,陈红红,2,本科,0.5,否,0.4,是
内蒙古化工职业学院,内蒙古,0,1,1,0,0,0,0,1,1,0,2,2,0,1,1,0,5,5,1,张远,3,专科,1.5,否,0.6,是
包头职业技术学院,内蒙古,0,1,1,1,1,2,0,1,1,0,1,1,0,0,0,1,4,5,1,张雯珺,3,专科,0.5,否,0.6,是
北京林业大学,北京,0,2,2,0,0,0,0,1,1,0,1,1,0,1,1,0,5,5,1,罗柳红,1,本科,1.0,否,0.2,否
北京联合大学,北京,2,0,2,0,1,1,0,1,1,0,1,1,0,0,0,2,3,5,1,陈艳燕,2,本科,0.5,否,0.4,是
华中农业大学,湖北,1,0,1,0,2,2,1,0,1,0,0,0,0,1,1,2,3,5,1,侯志敏、方红、李帅、王邦菊、韩朋举,1,本科,0.5,否,0.2,否
吉林师范大学,吉林,0,1,1,0,2,2,0,1,1,0,0,0,0,1,1,0,5,5,1,姜玉秋、杨艳秋、程晓亮、蔡文香、郑晨,1,本科,0.5,否,0.2,否
吉首大学,湖南,0,0,0,0,1,1,0,2,2,1,0,1,1,0,1,2,3,5,1,戴厚平、陈望学,2,本科,1.0,否,0.4,是
咸阳职业技术学院,陕西,0,1,1,0,1,1,0,1,1,0,1,1,0,1,1,0,5,5,1,刘晔,3,专科,1.0,否,0.6,是
商丘职业技术学院,河南,1,0,1,0,0,0,0,2,2,0,1,1,0,1,1,1,4,5,1,曹亚君、李萍、田卫章、薛明志、陈飞,1,专科,1.0,否,0.2,否
四川轻化工大学,四川,0,0,0,0,2,2,0,0,0,0,2,2,0,1,1,0,5,5,1,刘长江,2,本科,1.5,否,0.4,是
大同煤炭职业技术学院,山西,0,1,1,0,1,1,0,1,1,0,1,1,0,1,1,0,5,5,1,王腾飞,3,专科,1.0,否,0.6,是
太原学院,山西,0,1,1,1,1,2,0,0,0,0,1,1,0,1,1,1,4,5,1,杨宝军,2,本科,1.0,否,0.4,是
安徽商贸职业技术学院,安徽,0,1,1,1,1,2,0,0,0,1,1,2,0,0,0,2,3,5,1,吴杰、陈辉,2,专科,1.0,否,0.4,是
安徽机电职业技术学院,安徽,1,0,1,0,0,0,1,0,1,2,0,2,1,0,1,5,0,5,1,刘莉、吕会影、姜绳、王韦霞、申振,1,专科,1.5,否,0.2,否
山东女子学院,山东,1,1,2,0,1,1,0,1,1,0,1,1,0,0,0,1,4,5,1,李娜、赵一博,2,本科,0.5,否,0.4,是
广东工贸职业技术学院,广东,0,0,0,0,1,1,0,0,0,1,1,2,0,2,2,1,4,5,1,傅秀莲,2,专科,2.0,是,0.4,是
成都纺织高等专科学校,四川,1,1,2,0,0,0,0,2,2,0,0,0,0,1,1,1,4,5,1,石丽莉,1,专科,0.5,否,0.2,否
杭州科技职业技术学院,浙江,1,0,1,0,1,1,0,1,1,0,0,0,0,2,2,1,4,5,1,92,0,专科,1.0,否,0.0,否
江西现代职业技术学院,江西,0,2,2,0,1,1,0,0,0,0,1,1,1,0,1,1,4,5,1,徐文宇,3,专科,1.0,否,0.6,是
江西财经职业学院,江西,0,1,1,0,1,1,0,2,2,0,0,0,0,1,1,0,5,5,1,吕扬,3,专科,0.5,否,0.6,是
浙江外国语学院,浙江,0,0,0,0,1,1,0,0,0,0,2,2,1,1,2,1,4,5,1,92,0,本科,2.0,否,0.0,否
渭南师范学院,陕西,1,1,2,1,0,1,0,0,0,0,1,1,0,1,1,2,3,5,1,刘炳全,3,本科,1.0,否,0.6,是
湖南农业大学,湖南,0,0,0,3,0,3,0,0,0,0,2,2,0,0,0,3,2,5,1,刘凯、宁子岚、李维、王明春、肖峰,1,本科,1.0,否,0.2,否
澳门大学,澳门,0,1,1,0,1,1,0,1,1,0,2,2,0,0,0,0,5,5,1,刘志,4,本科,1.0,否,0.8,是
火箭军工程大学,陕西,0,1,1,0,1,1,0,2,2,0,0,0,0,1,1,0,5,5,1,刘素兵、张辉、景慧丽、郝琳,1,本科,0.5,否,0.2,否
芜湖职业技术学院,安徽,0,2,2,0,0,0,0,1,1,0,2,2,0,0,0,0,5,5,1,李艳午、熊梦迟、袁力、邓瑞娟、黄家云,1,专科,1.0,否,0.2,否
襄阳职业技术学院,湖北,0,2,2,0,0,0,0,2,2,0,0,0,1,0,1,1,4,5,1,卢冬晖,3,专科,0.5,否,0.6,是
西安文理学院,陕西,1,2,3,0,0,0,0,2,2,0,0,0,0,0,0,1,4,5,1,张岩、曹欣伟,1,本科,0.0,否,0.2,否
解放军海军工程大学,湖北,0,1,1,0,1,1,0,0,0,1,1,2,1,0,1,2,3,5,1,冯杭,1,本科,1.5,否,0.2,否
贵州师范学院,贵州,0,1,1,0,2,2,0,1,1,0,1,1,0,0,0,0,5,5,1,廖玉梅,2,本科,0.5,否,0.4,是
贵州电子商务职业技术学院,贵州,0,1,1,0,1,1,0,1,1,0,2,2,0,0,0,0,5,5,1,梁勇锋,4,专科,1.0,否,0.8,是
赣州师范高等专科学校,江西,1,1,2,0,1,1,1,0,1,0,0,0,0,1,1,2,3,5,1,廖平、汪洋、罗婷、陈勋、黄婵,1,专科,0.5,否,0.2,否
郑州航空工业管理学院,河南,0,2,2,0,1,1,0,0,0,0,1,1,1,0,1,1,4,5,1,傅尔胜、孙培、牛晓太、王记平、黄红伟,1,本科,1.0,否,0.2,否
铜仁幼儿师范高等专科学校,贵州,0,0,0,0,2,2,0,2,2,0,1,1,0,0,0,0,5,5,1,陈永康,3,专科,0.5,否,0.6,是
长江师范学院,重庆,0,1,1,0,1,1,0,1,1,1,0,1,0,1,1,1,4,5,1,吴云龙,4,本科,1.0,否,0.8,是
集美大学诚毅学院,福建,0,1,1,1,1,2,0,0,0,0,1,1,0,1,1,1,4,5,1,92,0,本科,1.0,否,0.0,否
中国民用航空飞行学院,四川,1,0,1,0,2,2,0,0,0,0,2,2,0,0,0,1,4,5,0,柯西军,2,本科,1.0,否,0.4,是
信阳师范学院,河南,1,4,5,0,0,0,0,0,0,0,0,0,0,0,0,1,4,5,0,何俊杰、何学飞、刘庆升、吴成熙、黎小胜,1,本科,0.0,否,0.2,否
信阳航空职业学院,河南,0,0,0,0,1,1,0,2,2,0,2,2,0,0,0,0,5,5,0,祁传达,3,专科,1.0,否,0.6,是
兰州石化职业技术学院,甘肃,0,2,2,0,3,3,0,0,0,0,0,0,0,0,0,0,5,5,0,刘硕、张克功、李长生、田春婷、蒙頔,1,专科,0.0,否,0.2,否
北京石油化工学院,北京,2,2,4,0,0,0,0,1,1,0,0,0,0,0,0,2,3,5,0,张怀念,5,本科,0.0,否,1.0,是
新疆工程学院,新疆,1,1,2,0,1,1,0,1,1,0,1,1,0,0,0,1,4,5,0,马良,3,本科,0.5,否,0.6,是
晋中学院,山西,0,1,1,0,0,0,0,2,2,0,2,2,0,0,0,0,5,5,0,解慧,4,本科,1.0,否,0.8,是
柳州职业技术学院,广西,1,2,3,0,1,1,0,1,1,0,0,0,0,0,0,1,4,5,0,钟磊、韦碧鹏,2,专科,0.0,否,0.4,是
楚雄师范学院,云南,1,0,1,0,1,1,1,1,2,0,1,1,0,0,0,2,3,5,0,雷建坤,2,本科,0.5,否,0.4,是
河北农业大学,河北,0,1,1,1,2,3,0,0,0,0,1,1,0,0,0,1,4,5,0,黄建昌,2,本科,0.5,否,0.4,是
河南经贸职业学院,河南,0,1,1,0,0,0,1,2,3,0,1,1,0,0,0,1,4,5,0,侯蒙蒙、高芳,2,专科,0.5,否,0.4,是
湖南工业职业技术学院,湖南,1,2,3,0,1,1,0,0,0,1,0,1,0,0,0,2,3,5,0,周潜,3,专科,0.5,否,0.6,是
黎明职业大学,福建,0,1,1,2,0,2,0,1,1,1,0,1,0,0,0,3,2,5,0,陈云,2,本科,0.5,否,0.4,是
中国石油大学(北京)克拉玛依校区,新疆,0,0,0,0,0,0,0,0,0,0,0,0,1,3,4,1,3,4,4,于静、张万平、李中岩、李宏,1,本科,2.0,否,0.25,否
周口师范学院,河南,0,0,0,0,0,0,0,0,0,0,0,0,1,3,4,1,3,4,4,樊志领,4,本科,2.0,否,1.0,是
信阳师范大学,河南,0,0,0,0,0,0,1,0,1,0,0,0,1,2,3,2,2,4,3,徐丽娟、朱新才、李为华、郑重,1,本科,1.5,否,0.25,否
太原师范学院,山西,0,0,0,0,0,0,0,1,1,0,0,0,0,3,3,0,4,4,3,付亚茹、关晋瑞、王海军、贾利叶,1,本科,1.5,否,0.25,否
柳州职业技术大学,广西,0,0,0,0,0,0,0,0,0,0,1,1,0,3,3,0,4,4,3,肖聚德、韦碧鹏,2,本科,2.0,否,0.5,是
兰州石化职业技术大学,甘肃,0,0,0,0,0,0,0,1,1,0,1,1,0,2,2,0,4,4,2,刘兴伟、李长生、高丽、高龙,1,本科,1.5,否,0.25,否
兰州资源环境职业技术大学,甘肃,0,0,0,0,0,0,0,1,1,0,1,1,0,2,2,0,4,4,2,孟丽君、李英红、蔡蕙泽、谈琬琳,1,本科,1.5,否,0.25,否
焦作工贸职业学院,河南,0,0,0,0,0,0,0,0,0,1,1,2,0,2,2,1,3,4,2,郎沁争,2,专科,2.0,是,0.5,是
重庆电力高等专科学校,重庆,0,0,0,0,1,1,0,1,1,0,0,0,0,2,2,0,4,4,2,卜妤萱、李奥、罗倩梅、陈斌,1,专科,1.0,否,0.25,否
中国医科大学,辽宁,0,1,1,0,1,1,0,1,1,0,1,1,0,0,0,0,4,4,1,王印,3,本科,0.5,否,0.75,是
中国社会科学院大学,北京,1,0,1,0,0,0,0,1,1,0,2,2,0,0,0,1,3,4,1,92,0,本科,1.0,否,0.0,否
中国科学院大学,北京,0,0,0,0,0,0,0,2,2,0,0,0,0,2,2,0,4,4,1,92,0,本科,1.0,否,0.0,否
九江科技职业大学,江西,0,0,0,0,0,0,0,0,0,0,0,0,2,2,4,2,2,4,1,胡序懿,4,本科,2.0,否,1.0,是
九江职业技术学院,江西,0,1,1,0,1,1,0,2,2,0,0,0,0,0,0,0,4,4,1,92,0,专科,0.0,否,0.0,否
云南民族大学,云南,0,0,0,0,1,1,0,0,0,1,1,2,0,1,1,1,3,4,1,万苗、张海洋、杨帆、郭红焱,1,本科,1.5,否,0.25,否
兰州财经大学,甘肃,0,1,1,0,0,0,0,1,1,0,1,1,0,1,1,0,4,4,1,任秋艳、樊馨蔓、田有功、赵瑞娟,1,本科,1.0,否,0.25,否
北京电子科技职业学院,北京,0,1,1,0,0,0,0,2,2,0,1,1,0,0,0,0,4,4,1,孔祥铭,2,专科,0.5,否,0.5,是
华东交通大学,江西,0,1,1,0,0,0,0,1,1,0,1,1,0,1,1,0,4,4,1,朱旭生,2,本科,1.0,否,0.5,是
南昌理工学院,江西,0,1,1,0,0,0,0,0,0,0,2,2,1,0,1,1,3,4,1,熊若男,2,本科,1.5,否,0.5,是
哈尔滨工业大学(威海),山东,0,0,0,0,0,0,0,0,0,0,0,0,2,2,4,2,2,4,1,陈天睿,2,本科,2.0,否,0.5,是
大连交通大学,辽宁,0,0,0,0,1,1,0,1,1,1,0,1,0,1,1,1,3,4,1,冯志华、周大勇、王爱齐、马永峰,1,本科,1.0,否,0.25,否
太原城市职业技术学院,山西,0,1,1,0,1,1,0,0,0,0,1,1,0,1,1,0,4,4,1,黄伟,4,专科,1.0,否,1.0,是
宁波工程学院,浙江,0,0,0,1,1,2,0,1,1,0,0,0,0,1,1,1,3,4,1,蔡军伟,2,本科,0.5,否,0.5,是
安徽交通职业技术学院,安徽,0,0,0,0,0,0,0,2,2,0,1,1,1,0,1,1,3,4,1,李洪岩,3,专科,1.0,否,0.75,是
安徽工程大学,安徽,0,0,0,0,0,0,0,0,0,1,1,2,0,2,2,1,3,4,1,白晓,2,本科,2.0,否,0.5,是
宝鸡职业技术学院,陕西,0,1,1,0,0,0,0,1,1,0,1,1,1,0,1,1,3,4,1,吕文刚、吴玥雯、张宏达、王海荣,1,专科,1.0,否,0.25,否
山东水利职业学院,山东,0,0,0,0,1,1,0,1,1,0,0,0,0,2,2,0,4,4,1,赵红革,2,专科,1.0,否,0.5,是
山西师范大学,山西,0,1,1,0,0,0,0,1,1,0,1,1,0,1,1,0,4,4,1,何超、侯宇超、张雪、王兆浩,1,本科,1.0,否,0.25,否
广西建设职业技术学院,广西,0,0,0,0,1,1,0,1,1,0,1,1,0,1,1,0,4,4,1,袁湘芸,2,专科,1.0,否,0.5,是
成都大学,四川,0,0,0,0,2,2,0,0,0,0,1,1,0,1,1,0,4,4,1,施达、李钊、董浩、赵姗,1,本科,1.0,否,0.25,否
曲靖师范学院,云南,0,0,0,0,1,1,0,1,1,0,1,1,0,1,1,0,4,4,1,崔庆红、杨桃香、沈秀娟,1,本科,1.0,否,0.25,否
毕节医学高等专科学校,贵州,0,1,1,0,0,0,0,1,1,0,0,0,0,2,2,0,4,4,1,马俊,2,专科,1.0,否,0.5,是
江苏建筑职业技术学院,江苏,0,1,1,0,1,1,0,1,1,0,1,1,0,0,0,0,4,4,1,郭健,2,专科,0.5,否,0.5,是
江西中医药大学,江西,0,0,0,0,1,1,0,1,1,0,1,1,0,1,1,0,4,4,1,刘建国、周丽、宋伟才、张春强,1,本科,1.0,否,0.25,否
江西交通职业技术学院,江西,0,1,1,0,1,1,0,0,0,0,1,1,0,1,1,0,4,4,1,曾慧平,2,专科,1.0,否,0.5,是
江西农业大学,江西,0,0,0,1,1,2,0,0,0,0,2,2,0,0,0,1,3,4,1,刘章、陈静,2,本科,1.0,否,0.5,是
江西环境工程职业学院,江西,0,0,0,0,0,0,0,0,0,1,2,3,0,1,1,1,3,4,1,刘小健、张水英、徐慧星、樊颖,1,专科,2.0,是,0.25,否
河北经贸大学,河北,0,1,1,0,1,1,0,1,1,0,0,0,0,1,1,0,4,4,1,92,0,本科,0.5,否,0.0,否
浙江海洋大学,浙江,0,0,0,0,1,1,0,1,1,0,2,2,0,0,0,0,4,4,1,李俊余,2,本科,1.0,否,0.5,是
浙江科技大学,浙江,0,0,0,0,0,0,0,0,0,2,0,2,0,2,2,2,2,4,1,章迪平,3,本科,2.0,否,0.75,是
湖北经济学院,湖北,0,0,0,0,1,1,0,1,1,0,1,1,1,0,1,1,3,4,1,92,0,本科,1.0,否,0.0,否
湖南科技学院,湖南,0,0,0,0,0,0,0,0,0,0,3,3,1,0,1,1,3,4,1,92,0,本科,2.0,否,0.0,否
潍坊科技学院,山东,1,0,1,1,0,1,0,1,1,0,1,1,0,0,0,2,2,4,1,周潇、董新海,2,本科,0.5,否,0.5,是
濮阳职业技术学院,河南,0,1,1,1,0,1,0,1,1,0,0,0,0,1,1,1,3,4,1,任艳梅,2,专科,0.5,否,0.5,是
空军军医大学,陕西,0,1,1,0,0,0,0,0,0,0,1,1,1,1,2,1,3,4,1,刘烁、吴克坚、李雪竹,1,本科,1.5,否,0.25,否
西华大学,四川,0,1,1,1,0,1,0,1,1,0,0,0,0,1,1,1,3,4,1,侯智博,1,本科,0.5,否,0.25,否
西南民族大学,四川,0,1,1,0,0,0,1,0,1,1,0,1,0,1,1,2,2,4,1,山述强、李沛瑜、苗加庆、马志霞,1,本科,1.0,否,0.25,否
西安航空学院,陕西,0,2,2,0,0,0,0,1,1,0,0,0,0,1,1,0,4,4,1,周千、张惠玲、文艳妮、潘灵刚,1,本科,0.5,否,0.25,否
贵州医科大学,贵州,0,0,0,0,1,1,0,1,1,0,1,1,0,1,1,0,4,4,1,胡思贵,2,本科,1.0,否,0.5,是
贵州师范大学,贵州,0,2,2,0,0,0,0,1,1,0,1,1,0,0,0,0,4,4,1,张德金、鄢婷婷,2,本科,0.5,否,0.5,是
贵州电子科技职业学院,贵州,0,1,1,0,1,1,0,1,1,0,1,1,0,0,0,0,4,4,1,任祉静,2,专科,0.5,否,0.5,是
郑州工程技术学院,河南,0,0,0,0,1,1,0,0,0,1,1,2,0,1,1,1,3,4,1,刘慧敏、庞进丽、王颖囡,1,本科,1.5,否,0.25,否
青岛工程职业学院,山东,0,0,0,0,2,2,0,1,1,0,0,0,1,0,1,1,3,4,1,任雪雁、张乐乐、张方红、魏春迪,1,专科,0.5,否,0.25,否
首都师范大学,北京,0,0,0,0,1,1,0,2,2,0,1,1,0,0,0,0,4,4,1,郭文雯,2,本科,0.5,否,0.5,是
黑龙江工程学院,黑龙江,0,0,0,0,2,2,0,0,0,0,1,1,0,1,1,0,4,4,1,张可为、李庆发、牛蕊、王佩臣,1,本科,1.0,否,0.25,否
黑龙江建筑职业技术学院,黑龙江,0,0,0,0,0,0,0,2,2,0,1,1,0,1,1,0,4,4,1,刘春洁,2,专科,1.0,否,0.5,是
黑龙江科技大学,黑龙江,0,1,1,0,1,1,0,0,0,0,0,0,0,2,2,0,4,4,1,于存光、冯福生、潘晓丽、王麟,1,本科,1.0,否,0.25,否
中山职业技术学院,广东,0,1,1,0,2,2,0,1,1,0,0,0,0,0,0,0,4,4,0,杨晶晶,3,专科,0.0,否,0.75,是
南阳师范学院,河南,0,0,0,1,0,1,1,0,1,0,2,2,0,0,0,2,2,4,0,周宏兵,4,本科,1.0,否,1.0,是
厦门海洋职业技术学院,福建,0,2,2,0,1,1,0,1,1,0,0,0,0,0,0,0,4,4,0,邹灵果,2,专科,0.0,否,0.5,是
天津电子信息职业技术学院,天津,1,0,1,0,0,0,0,1,1,1,1,2,0,0,0,2,2,4,0,马吉收,3,专科,1.0,否,0.75,是
天津职业技术师范大学,天津,0,2,2,0,1,1,0,1,1,0,0,0,0,0,0,0,4,4,0,92,0,本科,0.0,否,0.0,否
广西民族大学,广西,0,1,1,0,2,2,0,1,1,0,0,0,0,0,0,0,4,4,0,尹江华,2,本科,0.0,否,0.5,是
桂林理工大学南宁分校,广西,0,0,0,0,2,2,1,0,1,0,1,1,0,0,0,1,3,4,0,潘冬,3,本科,0.5,否,0.75,是
沈阳农业大学,辽宁,0,2,2,0,1,1,0,1,1,0,0,0,0,0,0,0,4,4,0,冯大光,2,本科,0.0,否,0.5,是
沈阳理工大学,辽宁,0,1,1,0,2,2,0,0,0,0,0,0,0,1,1,0,4,4,0,刘芳、段洪玲、王宏栋、许可,1,本科,0.5,否,0.25,否
洛阳师范学院,河南,0,1,1,0,2,2,0,1,1,0,0,0,0,0,0,0,4,4,0,于海、吴增宝、李安珂、韩要闯,1,本科,0.0,否,0.25,否
浙江科技学院,浙江,1,1,2,0,1,1,0,1,1,0,0,0,0,0,0,1,3,4,0,章迪平,2,本科,0.0,否,0.5,是
玉溪师范学院,云南,0,1,1,0,2,2,0,1,1,0,0,0,0,0,0,0,4,4,0,任继阳,3,本科,0.0,否,0.75,是
西南科技大学,四川,0,2,2,1,1,2,0,0,0,0,0,0,0,0,0,1,3,4,0,吴文青、康晓蓉、郑克龙、龙强,1,本科,0.0,否,0.25,否
贵州职业技术学院,贵州,1,1,2,1,0,1,0,0,0,0,1,1,0,0,0,2,2,4,0,汤卫,3,专科,0.5,否,0.75,是
赣南师范大学科技学院,江西,0,3,3,0,0,0,0,0,0,0,1,1,0,0,0,0,4,4,0,杨圣红,3,本科,0.5,否,0.75,是
重庆对外经贸学院,重庆,0,0,0,0,1,1,0,2,2,0,1,1,0,0,0,0,4,4,0,李艳艳,2,本科,0.5,否,0.5,是
陆军勤务学院,重庆,0,1,1,1,0,1,1,0,1,1,0,1,0,0,0,3,1,4,0,吴松林、方玲,2,本科,0.5,否,0.5,是
吕梁职业技术学院,山西,0,0,0,0,0,0,0,0,0,0,0,0,2,1,3,2,1,3,3,92,0,专科,1.5,否,0.0,否
昭通学院,云南,0,0,0,0,0,0,0,0,0,0,0,0,0,3,3,0,3,3,3,付靖、卞一多、杨惠娟,1,本科,1.5,否,0.3333333333333333,是
重庆工业职业技术大学,重庆,0,0,0,0,0,0,0,0,0,0,0,0,1,2,3,1,2,3,3,刘双、廖云飞、教练队,1,本科,1.5,否,0.3333333333333333,是
乐山职业技术学院,四川,0,0,0,0,1,1,0,0,0,0,0,0,0,2,2,0,3,3,2,蒋玲芳,1,专科,1.0,否,0.3333333333333333,是
北部湾大学,广西,0,1,1,0,0,0,0,0,0,0,0,0,0,2,2,0,3,3,2,卢俊宇、席进华、赵汝菊,1,本科,1.0,否,0.3333333333333333,是
四川铁道职业学院,四川,0,0,0,0,0,0,0,0,0,0,1,1,0,2,2,0,3,3,2,李丽虹、李娟,1,专科,1.5,否,0.3333333333333333,是
山西医科大学,山西,0,0,0,0,1,1,0,0,0,0,0,0,1,1,2,1,2,3,2,周立业、李建明、王淑玲,1,本科,1.0,否,0.3333333333333333,是
广西机电职业技术学院,广西,0,0,0,0,0,0,0,0,0,0,1,1,0,2,2,0,3,3,2,任青、龙艳萍,1,专科,1.5,否,0.3333333333333333,是
西北民族大学,甘肃,0,0,0,0,0,0,0,0,0,0,1,1,1,1,2,1,2,3,2,吴洁,2,本科,1.5,否,0.6666666666666666,是
重庆医药高等专科学校,重庆,0,0,0,0,0,0,0,1,1,0,0,0,1,1,2,1,2,3,2,赵洁,2,专科,1.0,否,0.6666666666666666,是
重庆能源职业学院,重庆,0,0,0,0,0,0,0,1,1,0,0,0,0,2,2,0,3,3,2,刘垚、杨娟、殷豪,1,专科,1.0,否,0.3333333333333333,是
上海交通职业技术学院,上海,0,0,0,0,1,1,0,0,0,0,1,1,0,1,1,0,3,3,1,唐一飞、李星星、高芹,1,专科,1.0,否,0.3333333333333333,是
中国人民公安大学,北京,0,0,0,0,0,0,0,1,1,0,1,1,0,1,1,0,3,3,1,张弘,2,本科,1.0,否,0.6666666666666666,是
丽水学院,浙江,0,0,0,0,0,0,0,0,0,0,2,2,0,1,1,0,3,3,1,92,0,本科,1.5,否,0.0,否
五邑大学,广东,0,0,0,0,0,0,0,2,2,0,0,0,0,1,1,0,3,3,1,王鹏,2,本科,0.5,否,0.6666666666666666,是
井冈山大学,江西,0,0,0,0,0,0,0,0,0,0,1,1,0,2,2,0,3,3,1,朱少平、王新长、邓志云,1,本科,1.5,否,0.3333333333333333,是
佛山大学,广东,0,0,0,0,0,0,0,0,0,0,0,0,0,3,3,0,3,3,1,柴华、苗晴、鲁鑫,1,本科,1.5,否,0.3333333333333333,是
北京工业职业技术学院,北京,1,0,1,0,0,0,0,1,1,0,1,1,0,0,0,1,2,3,1,吕静云,3,专科,0.5,否,1.0,是
南京农业大学,江苏,0,1,1,0,0,0,0,0,0,0,1,1,0,1,1,0,3,3,1,侯丽英、唐中良、张瑾,1,本科,1.0,否,0.3333333333333333,是
吉林建筑大学,吉林,0,1,1,0,0,0,0,0,0,0,1,1,0,1,1,0,3,3,1,丁丹、宋国锋、高海龙,1,本科,1.0,否,0.3333333333333333,是
喀什大学,新疆,0,1,1,0,1,1,0,0,0,0,0,0,0,1,1,0,3,3,1,唐子兴,2,本科,0.5,否,0.6666666666666666,是
大连理工大学(盘锦校区),辽宁,0,0,0,0,0,0,0,0,0,0,0,0,0,3,3,0,3,3,1,92,0,本科,1.5,否,0.0,否
大连理工大学（盘锦校区）,辽宁,0,0,0,0,0,0,0,0,0,1,2,3,0,0,0,1,2,3,1,92,0,本科,1.5,否,0.0,否
宁夏理工学院,宁夏,0,0,0,0,0,0,0,1,1,0,1,1,0,1,1,0,3,3,1,李俊瑶、范文举、钱坤,1,本科,1.0,否,0.3333333333333333,是
宁波职业技术学院,浙江,0,0,0,0,1,1,0,0,0,0,2,2,0,0,0,0,3,3,1,范嘉琪,1,专科,1.0,否,0.3333333333333333,是
安徽工业经济职业技术学院,安徽,0,0,0,0,0,0,0,0,0,1,0,1,0,2,2,1,2,3,1,严轩琳、吕宁宁、董慧,1,专科,1.5,否,0.3333333333333333,是
山东第一医科大学,山东,0,0,0,0,0,0,0,0,0,0,1,1,0,2,2,0,3,3,1,王凡,2,本科,1.5,否,0.6666666666666666,是
平顶山学院,河南,0,0,0,0,2,2,0,0,0,0,0,0,1,0,1,1,2,3,1,李永明、王安、陈英霞,1,本科,0.5,否,0.3333333333333333,是
广东金融学院,广东,0,0,0,0,1,1,0,1,1,0,1,1,0,0,0,0,3,3,1,何胜美、李毅君、胡蓉,1,本科,0.5,否,0.3333333333333333,是
广西医科大学,广西,1,0,1,0,1,1,0,0,0,0,0,0,0,1,1,1,2,3,1,余文质,3,本科,0.5,否,1.0,是
延安职业技术学院,陕西,0,0,0,0,0,0,0,0,0,0,2,2,0,1,1,0,3,3,1,李小华、秦娟、高浩利,1,专科,1.5,否,0.3333333333333333,是
新余学院,江西,0,0,0,0,1,1,0,1,1,0,1,1,0,0,0,0,3,3,1,冯道明、简绍勇、谢宇,1,本科,0.5,否,0.3333333333333333,是
昆明学院,云南,0,1,1,0,1,1,0,0,0,0,0,0,0,1,1,0,3,3,1,岳维好、邱莎,1,本科,0.5,否,0.3333333333333333,是
武汉职业技术大学,湖北,0,0,0,0,0,0,0,0,0,0,0,0,0,3,3,0,3,3,1,92,0,本科,1.5,否,0.0,否
武汉铁路职业技术学院,湖北,0,0,0,0,0,0,0,1,1,1,0,1,0,1,1,1,2,3,1,张炼、胡艳寒,1,专科,1.0,否,0.3333333333333333,是
汕尾职业技术学院,广东,0,1,1,0,0,0,0,0,0,0,1,1,0,1,1,0,3,3,1,陈培辉,2,专科,1.0,否,0.6666666666666666,是
江苏电子信息职业学院,江苏,0,0,0,0,0,0,0,1,1,0,0,0,1,1,2,1,2,3,1,刘艳、聂霞、荣建英,1,专科,1.0,否,0.3333333333333333,是
江苏航运职业技术学院,江苏,0,1,1,0,0,0,0,0,0,0,1,1,1,0,1,1,2,3,1,何文阁,3,专科,1.0,否,1.0,是
河北工业职业技术大学,河北,0,0,0,1,0,1,0,0,0,0,1,1,0,1,1,1,2,3,1,李娟等、李娟飞等、李文斌等,1,本科,1.0,否,0.3333333333333333,是
河南信息统计职业学院,河南,0,0,0,0,1,1,0,0,0,0,1,1,0,1,1,0,3,3,1,耿昕,2,专科,1.0,否,0.6666666666666666,是
河南建筑职业技术学院,河南,0,0,0,0,1,1,0,0,0,0,1,1,0,1,1,0,3,3,1,戴秀荣,2,专科,1.0,否,0.6666666666666666,是
河南质量工程职业学院,河南,0,0,0,0,0,0,0,1,1,0,1,1,1,0,1,1,2,3,1,赵晓艳,2,专科,1.0,否,0.6666666666666666,是
洛阳职业技术学院,河南,0,1,1,0,0,0,0,1,1,0,0,0,0,1,1,0,3,3,1,何思源、周柃楠、郭玉堃,1,专科,0.5,否,0.3333333333333333,是
浙江东方职业技术学院,浙江,0,1,1,0,0,0,0,0,0,0,2,2,0,0,0,0,3,3,1,张维国,2,专科,1.0,否,0.6666666666666666,是
浙江金融职业学院,浙江,0,0,0,0,1,1,0,0,0,1,0,1,0,1,1,1,2,3,1,92,0,专科,1.0,否,0.0,否
海军大连舰艇学院,辽宁,0,0,0,0,1,1,0,1,1,0,1,1,0,0,0,0,3,3,1,张方方、李军、杨悦,1,本科,0.5,否,0.3333333333333333,是
海军航空大学,山东,0,0,0,0,1,1,0,0,0,1,0,1,0,1,1,1,2,3,1,孙玺菁,2,本科,1.0,否,0.6666666666666666,是
淄博职业技术大学,山东,0,0,0,0,0,0,0,0,0,0,0,0,0,3,3,0,3,3,1,吴健行、赵云川、陈晓旭,1,本科,1.5,否,0.3333333333333333,是
深圳信息职业技术大学,广东,0,0,0,0,0,0,0,0,0,0,0,0,0,3,3,0,3,3,1,92,0,本科,1.5,否,0.0,否
湖北理工学院,湖北,0,0,0,0,0,0,0,1,1,1,1,2,0,0,0,1,2,3,1,92,0,本科,1.0,否,0.0,否
湖南文理学院,湖南,0,1,1,0,0,0,0,0,0,0,2,2,0,0,0,0,3,3,1,92,0,本科,1.0,否,0.0,否
湖南铁道职业技术学院,湖南,0,0,0,0,0,0,0,1,1,0,1,1,1,0,1,1,2,3,1,徐江鸿、苏江南、陈斌蓉,1,专科,1.0,否,0.3333333333333333,是
湖南高速铁路职业技术学院,湖南,0,0,0,0,0,0,0,1,1,0,1,1,0,1,1,0,3,3,1,孙梅、范志远、谢雅丽,1,专科,1.0,否,0.3333333333333333,是
烟台汽车工程职业学院,山东,0,0,0,0,0,0,0,1,1,1,1,2,0,0,0,1,2,3,1,吴莹雪,2,专科,1.0,否,0.6666666666666666,是
福建江夏学院,福建,0,1,1,0,1,1,0,0,0,0,0,0,0,1,1,0,3,3,1,林晶、赵春瑾、龚曲华,1,本科,0.5,否,0.3333333333333333,是
苏州科技大学,江苏,0,0,0,1,0,1,0,0,0,0,1,1,0,1,1,1,2,3,1,程瑶、翟晓凯,1,本科,1.0,否,0.3333333333333333,是
西安财经大学,陕西,0,0,0,0,1,1,0,0,0,0,1,1,0,1,1,0,3,3,1,吴建祥、周延杰、潘安,1,本科,1.0,否,0.3333333333333333,是
贵州商学院,贵州,0,1,1,0,0,0,0,1,1,0,1,1,0,0,0,0,3,3,1,焦华、牛志忠、肖闻,1,本科,0.5,否,0.3333333333333333,是
贵州经贸职业技术学院,贵州,0,0,0,0,0,0,0,1,1,0,1,1,0,1,1,0,3,3,1,张先敏、汤兰兰、胡燕林,1,专科,1.0,否,0.3333333333333333,是
赣东学院,江西,0,0,0,0,0,0,0,0,0,0,0,0,1,2,3,1,2,3,1,陈国林,2,本科,1.5,否,0.6666666666666666,是
辽宁铁道职业技术学院,辽宁,0,1,1,0,0,0,0,1,1,0,0,0,0,1,1,0,3,3,1,王晓晨、王汇琳、谷亮,1,专科,0.5,否,0.3333333333333333,是
重庆工程职业技术学院,重庆,0,1,1,0,0,0,0,1,1,0,0,0,1,0,1,1,2,3,1,蒲秀琴,2,专科,0.5,否,0.6666666666666666,是
金华职业技术大学,浙江,0,0,0,0,0,0,0,0,0,0,1,1,2,0,2,2,1,3,1,亢莹利,3,本科,1.5,否,1.0,是
长江工程职业技术学院,湖北,0,0,0,0,0,0,0,1,1,0,2,2,0,0,0,0,3,3,1,92,0,专科,1.0,否,0.0,否
阜阳师范大学,安徽,0,0,0,0,0,0,0,1,1,0,2,2,0,0,0,0,3,3,1,储亚伟、张标、梅金金,1,本科,1.0,否,0.3333333333333333,是
陆军特种作战学院,广西,0,1,1,0,0,0,0,0,0,0,1,1,0,1,1,0,3,3,1,徐春平、林剑,1,本科,1.0,否,0.3333333333333333,是
黑龙江八一农垦大学,黑龙江,1,0,1,0,0,0,0,0,0,0,1,1,0,1,1,1,2,3,1,周晓晶、野金花、闫善文,1,本科,1.0,否,0.3333333333333333,是
龙岩学院,福建,0,1,1,0,1,1,0,0,0,0,0,0,0,1,1,0,3,3,1,92,0,本科,0.5,否,0.0,否
三明学院,福建,0,1,1,0,1,1,0,1,1,0,0,0,0,0,0,0,3,3,0,管强,3,本科,0.0,否,1.0,是
中国人民解放军海军勤务学院,天津,0,1,1,0,2,2,0,0,0,0,0,0,0,0,0,0,3,3,0,92,0,本科,0.0,否,0.0,否
中国传媒大学,北京,1,1,2,0,0,0,0,0,0,0,1,1,0,0,0,1,2,3,0,张亚娜,1,本科,0.5,否,0.3333333333333333,是
临汾职业技术学院,山西,0,1,1,0,2,2,0,0,0,0,0,0,0,0,0,0,3,3,0,郑俊艳,1,专科,0.0,否,0.3333333333333333,是
内蒙古科技大学,内蒙古,0,2,2,0,0,0,0,1,1,0,0,0,0,0,0,0,3,3,0,孙文彬、田红晓、白云,1,本科,0.0,否,0.3333333333333333,是
华北科技学院,河北,0,0,0,0,1,1,0,1,1,0,1,1,0,0,0,0,3,3,0,仓定帮、葛世刚、高艳辉,1,本科,0.5,否,0.3333333333333333,是
南京铁道职业技术学院,江苏,1,0,1,0,1,1,1,0,1,0,0,0,0,0,0,2,1,3,0,王理峰,2,专科,0.0,否,0.6666666666666666,是
南宁职业技术学院,广西,1,0,1,1,1,2,0,0,0,0,0,0,0,0,0,2,1,3,0,井红霞、刘鑫琳、朱广,1,专科,0.0,否,0.3333333333333333,是
哈尔滨师范大学,黑龙江,0,2,2,0,0,0,0,0,0,0,1,1,0,0,0,0,3,3,0,么焕民、关伟波、贺裕,1,本科,0.5,否,0.3333333333333333,是
山西工程科技职业大学,山西,0,0,0,0,1,1,1,0,1,0,1,1,0,0,0,1,2,3,0,尹晓丽,2,本科,0.5,否,0.6666666666666666,是
川北幼儿师范高等专科学校,四川,0,0,0,0,0,0,0,2,2,1,0,1,0,0,0,1,2,3,0,刘霞,2,专科,0.5,否,0.6666666666666666,是
广东食品药品职业学院,广东,0,0,0,0,2,2,0,1,1,0,0,0,0,0,0,0,3,3,0,吴锡明,3,专科,0.0,否,1.0,是
广西工商职业技术学院,广西,0,1,1,0,0,0,0,2,2,0,0,0,0,0,0,0,3,3,0,孙晓宇,2,专科,0.0,否,0.6666666666666666,是
广西教育学院,广西,0,1,1,1,1,2,0,0,0,0,0,0,0,0,0,1,2,3,0,凌中华,2,本科,0.0,否,0.6666666666666666,是
成都职业技术学院,四川,0,0,0,0,0,0,0,0,0,1,2,3,0,0,0,1,2,3,0,梅峰太,2,专科,1.5,否,0.6666666666666666,是
日照职业技术学院,山东,0,1,1,0,1,1,0,1,1,0,0,0,0,0,0,0,3,3,0,唐晓春、张伟、陈为华,1,专科,0.0,否,0.3333333333333333,是
杭州师范大学,浙江,0,0,0,0,2,2,0,0,0,1,0,1,0,0,0,1,2,3,0,吕平、夏羽、张慧增,1,本科,0.5,否,0.3333333333333333,是
桂林学院,广西,0,2,2,0,1,1,0,0,0,0,0,0,0,0,0,0,3,3,0,吴小莉、吴开迅、唐美燕,1,本科,0.0,否,0.3333333333333333,是
武汉轻工大学,湖北,0,0,0,1,1,2,0,0,0,0,0,0,1,0,1,2,1,3,0,周康,2,本科,0.5,否,0.6666666666666666,是
江苏科技大学苏州理工学院,江苏,0,1,1,0,1,1,0,0,0,0,1,1,0,0,0,0,3,3,0,汤国生、肖沛、金鑫,1,本科,0.5,否,0.3333333333333333,是
江门职业技术学院,广东,1,1,2,0,1,1,0,0,0,0,0,0,0,0,0,1,2,3,0,任治国、张阳意、罗志敏,1,专科,0.0,否,0.3333333333333333,是
河海大学常州校区,江苏,0,1,1,0,2,2,0,0,0,0,0,0,0,0,0,0,3,3,0,王建鹏,2,本科,0.0,否,0.6666666666666666,是
河源职业技术学院,广东,0,2,2,0,0,0,0,1,1,0,0,0,0,0,0,0,3,3,0,92,0,专科,0.0,否,0.0,否
泉州师范学院,福建,0,2,2,0,0,0,0,1,1,0,0,0,0,0,0,0,3,3,0,杨昔阳,1,本科,0.0,否,0.3333333333333333,是
泰山学院,山东,0,2,2,0,0,0,0,0,0,0,1,1,0,0,0,0,3,3,0,国忠金、姜山、尹逊汝,1,本科,0.5,否,0.3333333333333333,是
浙江工商大学杭州商学院,浙江,0,1,1,0,1,1,1,0,1,0,0,0,0,0,0,1,2,3,0,孙景楠、李舒怀、陈蒙洁,1,本科,0.0,否,0.3333333333333333,是
海军航空大学青岛校区,山东,1,1,2,0,0,0,1,0,1,0,0,0,0,0,0,2,1,3,0,92,0,本科,0.0,否,0.0,否
渤海理工职业学院,河北,0,2,2,0,0,0,0,1,1,0,0,0,0,0,0,0,3,3,0,王云青,2,专科,0.0,否,0.6666666666666666,是
湖南化工职业技术学院,湖南,0,1,1,1,0,1,1,0,1,0,0,0,0,0,0,2,1,3,0,覃东君,2,专科,0.0,否,0.6666666666666666,是
甘肃农业大学,甘肃,0,1,1,0,1,1,0,1,1,0,0,0,0,0,0,0,3,3,0,周生伟、程晓燕、金俊栋,1,本科,0.0,否,0.3333333333333333,是
石家庄邮电职业技术学院,河北,1,0,1,0,0,0,0,1,1,0,1,1,0,0,0,1,2,3,0,冯敏、姜文鹏、李锦,1,专科,0.5,否,0.3333333333333333,是
福建水利电力职业技术学院,福建,0,0,0,1,0,1,0,1,1,0,1,1,0,0,0,1,2,3,0,殷文明,2,专科,0.5,否,0.6666666666666666,是
西安外国语大学,陕西,1,1,2,0,0,0,0,1,1,0,0,0,0,0,0,1,2,3,0,崔娜、王娟娟、王敏,1,本科,0.0,否,0.3333333333333333,是
贵州电子信息职业技术学院,贵州,0,1,1,1,0,1,0,1,1,0,0,0,0,0,0,1,2,3,0,吴定能,3,专科,0.0,否,1.0,是
贺州学院,广西,0,1,1,0,1,1,0,0,0,0,1,1,0,0,0,0,3,3,0,王春勇、谢苏静、陶胜达,1,本科,0.5,否,0.3333333333333333,是
辽东学院,辽宁,0,1,1,0,1,1,0,0,0,0,0,0,0,1,1,0,3,3,0,宁靖,2,本科,0.5,否,0.6666666666666666,是
辽宁工业大学,辽宁,0,1,1,1,0,1,0,1,1,0,0,0,0,0,0,1,2,3,0,刘磊、孙静、徐美进,1,本科,0.0,否,0.3333333333333333,是
辽宁机电职业技术学院,辽宁,0,1,1,0,1,1,0,1,1,0,0,0,0,0,0,0,3,3,0,姜晓明,3,专科,0.0,否,1.0,是
重庆文理学院,重庆,1,0,1,0,1,1,0,1,1,0,0,0,0,0,0,1,2,3,0,刘礼培,2,本科,0.0,否,0.6666666666666666,是
长春汽车工业高等专科学校,吉林,0,1,1,0,1,1,1,0,1,0,0,0,0,0,0,1,2,3,0,孙静茹,2,专科,0.0,否,0.6666666666666666,是
长治学院,山西,0,1,1,0,1,1,0,1,1,0,0,0,0,0,0,0,3,3,0,党红、王娇、赵巨涛,1,本科,0.0,否,0.3333333333333333,是
闽江师范高等专科学校,福建,0,1,1,0,1,1,1,0,1,0,0,0,0,0,0,1,2,3,0,李骏,3,专科,0.0,否,1.0,是
陇东学院,甘肃,0,0,0,0,1,1,0,1,1,0,1,1,0,0,0,0,3,3,0,姬安召、芦娅妮、齐小忠,1,本科,0.5,否,0.3333333333333333,是
顺德职业技术学院,广东,0,0,0,0,2,2,0,1,1,0,0,0,0,0,0,0,3,3,0,邱仰聪,2,专科,0.0,否,0.6666666666666666,是
天津医科大学,天津,0,0,0,0,0,0,0,0,0,0,0,0,0,2,2,0,2,2,2,侯爱林,1,本科,1.0,否,0.5,是
广西农业职业技术大学,广西,0,0,0,0,0,0,0,0,0,0,0,0,1,1,2,1,1,2,2,唐红霞、覃荣存,1,本科,1.0,否,0.5,是
成都东软学院,四川,0,0,0,0,0,0,0,0,0,0,0,0,0,2,2,0,2,2,2,尚紫薇、张朵,1,本科,1.0,否,0.5,是
成都航空职业技术大学,四川,0,0,0,0,0,0,0,0,0,0,0,0,1,1,2,1,1,2,2,92,0,本科,1.0,否,0.0,否
河北化工医药职业技术学院,河北,0,0,0,0,0,0,0,0,0,0,0,0,0,2,2,0,2,2,2,92,0,专科,1.0,否,0.0,否
甘肃政法大学,甘肃,0,0,0,0,0,0,0,0,0,0,0,0,0,2,2,0,2,2,2,刘钰力、郭林祥,1,本科,1.0,否,0.5,是
福州职业技术学院,福建,0,0,0,0,0,0,0,0,0,0,0,0,0,2,2,0,2,2,2,周晓燕、戴秀菊,1,专科,1.0,否,0.5,是
运城职业技术大学,山西,0,0,0,0,0,0,0,0,0,0,0,0,0,2,2,0,2,2,2,曹帅雷,2,本科,1.0,否,1.0,是
遂宁职业学院,四川,0,0,0,0,0,0,0,0,0,0,0,0,0,2,2,0,2,2,2,蒋璐、袁成志,1,专科,1.0,否,0.5,是
上海应用技术大学,上海,0,0,0,0,0,0,0,0,0,1,0,1,0,1,1,1,1,2,1,徐宗纬,1,本科,1.0,否,0.5,是
上海电机学院,上海,0,0,0,0,0,0,0,2,2,0,0,0,0,0,0,0,2,2,1,周钢、欧阳庚旭,1,本科,0.0,否,0.5,是
中国石油大学(北京),北京,0,0,0,0,0,0,0,0,0,0,0,0,1,1,2,1,1,2,1,任凯鹏、董少群,1,本科,1.0,否,0.5,是
中国矿业大学(北京),北京,0,0,0,0,0,0,0,0,0,0,0,0,1,1,2,1,1,2,1,张汉雄、李金蒋,1,本科,1.0,否,0.5,是
中央民族大学海南国际学院,海南,0,0,0,0,0,0,0,0,0,1,0,1,0,1,1,1,1,2,1,张乐峰,1,本科,1.0,否,0.5,是
兰州信息科技学院,甘肃,0,0,0,0,0,0,0,1,1,0,0,0,0,1,1,0,2,2,1,郑等凤,2,本科,0.5,否,1.0,是
兰州现代职业学院,甘肃,0,1,1,0,0,0,0,0,0,0,0,0,0,1,1,0,2,2,1,白守英、魏炳杰,1,专科,0.5,否,0.5,是
内蒙古商贸职业学院,内蒙古,0,0,0,0,0,0,0,1,1,0,0,0,0,1,1,0,2,2,1,张慧萍,1,专科,0.5,否,0.5,是
内蒙古财经大学,内蒙古,0,0,0,0,0,0,0,0,0,0,1,1,0,1,1,0,2,2,1,徐婧、葛根哈斯,1,本科,1.0,否,0.5,是
北京科技大学天津学院,天津,0,0,0,0,0,0,0,0,0,0,1,1,0,1,1,0,2,2,1,张艳君、李明雨,1,本科,1.0,否,0.5,是
南宁学院,广西,0,0,0,0,1,1,0,0,0,0,0,0,0,1,1,0,2,2,1,林宁、陈晓毅,1,本科,0.5,否,0.5,是
南通职业大学,江苏,0,0,0,0,0,0,0,1,1,0,1,1,0,0,0,0,2,2,1,孙美玲、朱莉,1,专科,0.5,否,0.5,是
台州学院,浙江,0,0,0,0,0,0,0,0,0,1,0,1,0,1,1,1,1,2,1,92,0,本科,1.0,否,0.0,否
吕梁学院,山西,0,0,0,0,0,0,0,0,0,0,1,1,0,1,1,0,2,2,1,康霞霞、胡晔,1,本科,1.0,否,0.5,是
商丘师范学院,河南,0,0,0,0,1,1,0,0,0,0,0,0,0,1,1,0,2,2,1,任磊、律金曼,1,本科,0.5,否,0.5,是
四川三河职业学院,四川,0,0,0,0,0,0,0,1,1,0,0,0,1,0,1,1,1,2,1,吴莲、郑江南,1,专科,0.5,否,0.5,是
四川职业技术学院,四川,0,1,1,0,0,0,0,0,0,0,0,0,0,1,1,0,2,2,1,92,0,专科,0.5,否,0.0,否
天津城建大学,天津,0,0,0,0,1,1,0,0,0,0,0,0,0,1,1,0,2,2,1,王丽霞、陈永强,1,本科,0.5,否,0.5,是
天津机电职业技术学院,天津,0,0,0,0,0,0,0,1,1,0,0,0,0,1,1,0,2,2,1,王大伟、赵文雯,1,专科,0.5,否,0.5,是
山东农业工程学院,山东,0,0,0,0,0,0,0,0,0,1,1,2,0,0,0,1,1,2,1,王延玲、许秀娟,1,本科,1.0,否,0.5,是
山东工商学院,山东,0,0,0,0,0,0,0,0,0,0,0,0,0,2,2,0,2,2,1,李俊松,2,本科,1.0,否,1.0,是
山东职业学院,山东,0,0,0,0,0,0,0,0,0,0,0,0,0,2,2,0,2,2,1,梁玉汝、霍双双,1,专科,1.0,否,0.5,是
常州信息职业技术学院,江苏,0,0,0,0,0,0,0,0,0,0,2,2,0,0,0,0,2,2,1,何纪、王丹,1,专科,1.0,否,0.5,是
广东亚视演艺职业学院,广东,0,0,0,0,0,0,0,0,0,0,0,0,0,2,2,0,2,2,1,何佳豪、姜茹,1,专科,1.0,否,0.5,是
广东理工职业学院,广东,0,0,0,0,0,0,0,0,0,0,0,0,1,1,2,1,1,2,1,王琦、王紫虹,1,专科,1.0,否,0.5,是
广东第二师范学院,广东,0,0,0,0,0,0,0,0,0,0,0,0,1,1,2,1,1,2,1,曾小宁、肖华松,1,本科,1.0,否,0.5,是
广东轻工职业技术大学,广东,0,0,0,0,0,0,0,0,0,0,1,1,0,1,1,0,2,2,1,92,0,本科,1.0,否,0.0,否
广州华商职业学院,广东,0,0,0,0,0,0,0,1,1,0,0,0,0,1,1,0,2,2,1,王晓梅、黎顺钻,1,专科,0.5,否,0.5,是
广州科技贸易职业学院,广东,0,0,0,0,0,0,0,1,1,1,0,1,0,0,0,1,1,2,1,92,0,专科,0.5,否,0.0,否
广州航海学院,广东,0,0,0,0,0,0,0,2,2,0,0,0,0,0,0,0,2,2,1,李瑞、金珍,1,本科,0.0,否,0.5,是
德州职业技术学院,山东,0,0,0,0,0,0,0,1,1,0,1,1,0,0,0,0,2,2,1,数模指导队、赵树欣,1,专科,0.5,否,0.5,是
承德应用技术职业学院,河北,0,0,0,0,0,0,0,0,0,0,1,1,0,1,1,0,2,2,1,孟婧伟,2,专科,1.0,否,1.0,是
抚顺职业技术学院（抚顺师专）,辽宁,0,0,0,0,0,0,0,1,1,0,1,1,0,0,0,0,2,2,1,牛立尚,2,专科,0.5,否,1.0,是
文山学院,云南,0,0,0,0,0,0,0,1,1,0,0,0,0,1,1,0,2,2,1,冯云再、程高,1,本科,0.5,否,0.5,是
新疆医科大学,新疆,0,0,0,0,0,0,0,1,1,0,0,0,0,1,1,0,2,2,1,周盼、张利萍,1,本科,0.5,否,0.5,是
新疆石河子职业技术学院,新疆,0,0,0,0,0,0,0,0,0,0,1,1,0,1,1,0,2,2,1,尹升鹏、张文,1,专科,1.0,否,0.5,是
无锡职业技术大学,江苏,0,0,0,0,0,0,0,0,0,0,0,0,1,1,2,1,1,2,1,92,0,本科,1.0,否,0.0,否
杭州职业技术学院,浙江,0,0,0,0,0,0,1,0,1,0,0,0,0,1,1,1,1,2,1,徐思,2,专科,0.5,否,1.0,是
柳州工学院,广西,0,0,0,0,1,1,0,0,0,0,0,0,0,1,1,0,2,2,1,张一春、黄秋月,1,本科,0.5,否,0.5,是
江苏海洋大学,江苏,0,0,0,0,0,0,0,0,0,1,0,1,0,1,1,1,1,2,1,刘志平,2,本科,1.0,否,1.0,是
江西新能源科技职业学院,江西,0,0,0,0,0,0,0,1,1,0,0,0,0,1,1,0,2,2,1,胡军,2,专科,0.5,否,1.0,是
江西科技师范大学,江西,0,0,0,0,0,0,0,0,0,0,0,0,0,2,2,0,2,2,1,任欢、李明辉,1,本科,1.0,否,0.5,是
济南工程职业技术学院,山东,0,0,0,0,0,0,0,0,0,1,0,1,0,1,1,1,1,2,1,李晓敏、王延英,1,专科,1.0,否,0.5,是
济宁学院,山东,0,0,0,0,0,0,0,0,0,2,0,2,0,0,0,2,0,2,1,刘建美、马帅奇,1,本科,1.0,否,0.5,是
浙江工贸职业技术学院,浙江,0,0,0,0,0,0,1,0,1,0,1,1,0,0,0,1,1,2,1,朱微微、王积建,1,专科,0.5,否,0.5,是
淮北师范大学,安徽,0,0,0,0,0,0,0,0,0,0,0,0,0,2,2,0,2,2,1,吴庆丰、王国华,1,本科,1.0,否,0.5,是
温州理工学院,浙江,0,0,0,0,0,0,0,1,1,0,1,1,0,0,0,0,2,2,1,徐徐、金新元,1,本科,0.5,否,0.5,是
湖北大学,湖北,0,0,0,0,0,0,0,0,0,0,1,1,1,0,1,1,1,2,1,付辉敬、赵芹,1,本科,1.0,否,0.5,是
湖南信息职业技术学院,湖南,0,0,0,0,0,0,0,0,0,0,0,0,0,2,2,0,2,2,1,邓瑾,2,专科,1.0,否,1.0,是
漳州职业技术学院,福建,0,0,0,0,0,0,0,1,1,0,0,0,0,1,1,0,2,2,1,佘卫强、康哲民,1,专科,0.5,否,0.5,是
石河子工程职业技术学院,新疆,0,0,0,0,0,0,0,0,0,0,1,1,0,1,1,0,2,2,1,包丽娅、靳录洋,1,专科,1.0,否,0.5,是
聊城职业技术学院,山东,0,0,0,0,0,0,0,0,0,0,1,1,0,1,1,0,2,2,1,李志强、苏雪,1,专科,1.0,否,0.5,是
航天工程大学,北京,0,0,0,0,0,0,0,0,0,1,1,2,0,0,0,1,1,2,1,王煜晶、蔡洋,1,本科,1.0,否,0.5,是
莆田学院,福建,0,0,0,0,0,0,0,0,0,0,1,1,0,1,1,0,2,2,1,方冬云、江良,1,本科,1.0,否,0.5,是
西安科技大学高新学院,陕西,0,0,0,0,0,0,1,0,1,0,1,1,0,0,0,1,1,2,1,黄小平,2,本科,0.5,否,1.0,是
贵州食品工程职业学院,贵州,0,0,0,0,0,0,0,1,1,0,0,0,1,0,1,1,1,2,1,王丽浈,1,专科,0.5,否,0.5,是
赣州职业技术学院,江西,0,0,0,0,0,0,0,0,0,0,1,1,0,1,1,0,2,2,1,张骞、曾磊,1,专科,1.0,否,0.5,是
运城师范高等专科学校,山西,0,0,0,0,0,0,0,0,0,0,1,1,0,1,1,0,2,2,1,李荣、赵绚,1,专科,1.0,否,0.5,是
重庆化工职业学院,重庆,0,0,0,0,0,0,0,0,0,0,1,1,0,1,1,0,2,2,1,林丽娟、蔡俊迎,1,专科,1.0,否,0.5,是
重庆工贸职业技术学院,重庆,0,0,0,0,0,0,0,0,0,0,1,1,0,1,1,0,2,2,1,张宏杰、陈国栋,1,专科,1.0,否,0.5,是
重庆智能工程职业学院,重庆,0,0,0,0,0,0,0,0,0,0,1,1,0,1,1,0,2,2,1,盛桐、蒋明伟,1,专科,1.0,否,0.5,是
镇江高等职业技术学校,江苏,0,0,0,0,0,0,0,0,0,0,1,1,0,1,1,0,2,2,1,92,0,专科,1.0,否,0.0,否
长春大学,吉林,0,0,0,0,1,1,0,0,0,0,0,0,0,1,1,0,2,2,1,关丽红、祝英杰,1,本科,0.5,否,0.5,是
长沙学院,湖南,0,0,0,0,0,0,0,0,0,0,0,0,1,1,2,1,1,2,1,张逵、沈金荣,1,本科,1.0,否,0.5,是
陆军炮兵防空兵学院南京校区,江苏,0,0,0,0,0,0,1,1,2,0,0,0,0,0,0,1,1,2,1,李小全,2,本科,0.0,否,1.0,是
陇南师范学院,甘肃,0,0,0,0,0,0,0,0,0,0,1,1,0,1,1,0,2,2,1,崔俊峰、杜颖,1,本科,1.0,否,0.5,是
顺德职业技术大学,广东,0,0,0,0,0,0,0,0,0,0,0,0,0,2,2,0,2,2,1,刘钅泉、邱仰聪,1,本科,1.0,否,0.5,是
香港理工大学,香港,0,0,0,0,0,0,0,0,0,0,1,1,0,1,1,0,2,2,1,92,0,本科,1.0,否,0.0,否
黄冈职业技术学院,湖北,0,0,0,0,0,0,0,0,0,0,2,2,0,0,0,0,2,2,1,万顺妹、陈海军,1,专科,1.0,否,0.5,是
黑龙江职业学院,黑龙江,0,0,0,0,0,0,0,2,2,0,0,0,0,0,0,0,2,2,1,孙艳玲、朱丽华,1,专科,0.0,否,0.5,是
上海南湖职业技术学院,上海,0,0,0,0,1,1,0,0,0,0,1,1,0,0,0,0,2,2,0,谢飞英,1,专科,0.5,否,0.5,是
上海城建职业学院,上海,0,0,0,0,1,1,0,1,1,0,0,0,0,0,0,0,2,2,0,92,0,专科,0.0,否,0.0,否
中原科技学院,河南,0,0,0,0,1,1,0,1,1,0,0,0,0,0,0,0,2,2,0,王胜杰,2,本科,0.0,否,1.0,是
中国人民解放军海军潜艇学院,山东,0,1,1,0,0,0,0,1,1,0,0,0,0,0,0,0,2,2,0,毛俊超,1,本科,0.0,否,0.5,是
丽江文化旅游学院,云南,0,1,1,0,1,1,0,0,0,0,0,0,0,0,0,0,2,2,0,张桂莲、彭乃驰,1,本科,0.0,否,0.5,是
云南交通职业技术学院,云南,0,0,0,0,1,1,0,0,0,0,1,1,0,0,0,0,2,2,0,文源、高金,1,专科,0.5,否,0.5,是
云南经济管理学院,云南,0,2,2,0,0,0,0,0,0,0,0,0,0,0,0,0,2,2,0,李丽萍、赵志伟,1,本科,0.0,否,0.5,是
兰州职业技术学院,甘肃,0,0,0,0,0,0,0,2,2,0,0,0,0,0,0,0,2,2,0,卢爱红、王鑫,1,专科,0.0,否,0.5,是
内蒙古电子信息职业技术学院,内蒙古,1,1,2,0,0,0,0,0,0,0,0,0,0,0,0,1,1,2,0,张宏凯、徐桂芳,1,专科,0.0,否,0.5,是
北京体育大学,北京,0,0,0,1,0,1,0,0,0,0,0,0,0,1,1,1,1,2,0,苏新华、葛焕敏,1,本科,0.5,否,0.5,是
北京信息科技大学,北京,0,1,1,0,0,0,0,0,0,0,0,0,0,1,1,0,2,2,0,刘亚轻,1,本科,0.5,否,0.5,是
厦门华厦学院,福建,0,1,1,0,1,1,0,0,0,0,0,0,0,0,0,0,2,2,0,洪成蹊、简荣杰,1,本科,0.0,否,0.5,是
吉林工业职业技术学院,吉林,0,0,0,0,0,0,0,1,1,1,0,1,0,0,0,1,1,2,0,梁国岐,2,专科,0.5,否,1.0,是
哈尔滨医科大学大庆分校,黑龙江,0,1,1,0,0,0,0,0,0,0,0,0,0,1,1,0,2,2,0,原杰、吕鹏举,1,本科,0.5,否,0.5,是
四川大学锦江学院,四川,0,1,1,0,0,0,0,1,1,0,0,0,0,0,0,0,2,2,0,李玲、陈相兵,1,本科,0.0,否,0.5,是
四川文理学院,四川,0,0,0,0,0,0,0,0,0,0,2,2,0,0,0,0,2,2,0,徐远、李骏,1,本科,1.0,否,0.5,是
四川邮电职业技术学院,四川,0,0,0,0,1,1,0,1,1,0,0,0,0,0,0,0,2,2,0,唐威克,2,专科,0.0,否,1.0,是
大连海洋大学,辽宁,0,1,1,0,1,1,0,0,0,0,0,0,0,0,0,0,2,2,0,屈磊磊、张立峰,1,本科,0.0,否,0.5,是
天津中德应用技术大学,天津,0,1,1,0,1,1,0,0,0,0,0,0,0,0,0,0,2,2,0,杨峻、王翠芳,1,本科,0.0,否,0.5,是
天津工业职业学院,天津,0,0,0,0,0,0,0,0,0,2,0,2,0,0,0,2,0,2,0,薛艳丽、许华琳,1,专科,1.0,否,0.5,是
安徽医科大学,安徽,0,0,0,0,1,1,0,0,0,0,1,1,0,0,0,0,2,2,0,92,0,本科,0.5,否,0.0,否
山东商业职业技术学院,山东,0,0,0,1,0,1,0,0,0,0,1,1,0,0,0,1,1,2,0,袁海君,1,专科,0.5,否,0.5,是
山东经贸职业学院,山东,0,0,0,0,1,1,0,0,0,0,1,1,0,0,0,0,2,2,0,王兵兵,2,专科,0.5,否,1.0,是
山东警察学院,山东,0,1,1,0,1,1,0,0,0,0,0,0,0,0,0,0,2,2,0,92,0,本科,0.0,否,0.0,否
山西职业技术学院,山西,0,0,0,0,0,0,0,1,1,0,1,1,0,0,0,0,2,2,0,张俊青、赵巧蓉,1,专科,0.5,否,0.5,是
山西能源学院,山西,0,0,0,0,1,1,0,1,1,0,0,0,0,0,0,0,2,2,0,潘庆芳、王媛,1,本科,0.0,否,0.5,是
山西警察学院,山西,0,1,1,0,0,0,0,1,1,0,0,0,0,0,0,0,2,2,0,朱飑凯、郭璞,1,本科,0.0,否,0.5,是
巢湖学院,安徽,0,0,0,0,1,1,0,0,0,0,1,1,0,0,0,0,2,2,0,侯勇超、陈亚男,1,本科,0.5,否,0.5,是
常州工业职业技术学院,江苏,1,1,2,0,0,0,0,0,0,0,0,0,0,0,0,1,1,2,0,92,0,专科,0.0,否,0.0,否
广东外语外贸大学,广东,0,1,1,0,0,0,0,0,0,0,1,1,0,0,0,0,2,2,0,关岳、赵绪哲,1,本科,0.5,否,0.5,是
广东岭南职业技术学院,广东,0,0,0,0,1,1,0,0,0,0,0,0,0,1,1,0,2,2,0,潘新元、赫明菲,1,专科,0.5,否,0.5,是
广东科技学院,广东,0,1,1,0,0,0,0,0,0,0,1,1,0,0,0,0,2,2,0,王贺元、陈剑军,1,本科,0.5,否,0.5,是
广东药科大学,广东,0,1,1,0,0,0,0,1,1,0,0,0,0,0,0,0,2,2,0,董健卫,1,本科,0.0,否,0.5,是
新疆生产建设兵团兴新职业技术学院,新疆,0,0,0,0,0,0,0,1,1,0,1,1,0,0,0,0,2,2,0,李松、陶安迅,1,专科,0.5,否,0.5,是
昆明铁道职业技术学院,云南,0,0,0,0,0,0,0,1,1,0,1,1,0,0,0,0,2,2,0,师彬、陈金涛,1,专科,0.5,否,0.5,是
晋城职业技术学院,山西,0,1,1,0,1,1,0,0,0,0,0,0,0,0,0,0,2,2,0,韩晶,2,专科,0.0,否,1.0,是
桂林信息科技学院,广西,0,0,0,0,0,0,0,0,0,0,2,2,0,0,0,0,2,2,0,刘映伶,2,本科,1.0,否,1.0,是
桂林航天工业学院,广西,0,1,1,0,1,1,0,0,0,0,0,0,0,0,0,0,2,2,0,袁媛、黄逸飞,1,本科,0.0,否,0.5,是
武汉工商学院,湖北,1,0,1,0,0,0,0,1,1,0,0,0,0,0,0,1,1,2,0,梅俊华、范冰婵,1,本科,0.0,否,0.5,是
武汉工程大学,湖北,0,0,0,1,0,1,1,0,1,0,0,0,0,0,0,2,0,2,0,92,0,本科,0.0,否,0.0,否
江苏理工学院,江苏,0,1,1,0,1,1,0,0,0,0,0,0,0,0,0,0,2,2,0,92,0,本科,0.0,否,0.0,否
江苏第二师范学院,江苏,1,0,1,0,0,0,0,0,0,0,0,0,0,1,1,1,1,2,0,赵玉娟、陈书文,1,本科,0.5,否,0.5,是
江苏经贸职业技术学院,江苏,0,0,0,0,1,1,0,0,0,1,0,1,0,0,0,1,1,2,0,张晓华、张纯,1,专科,0.5,否,0.5,是
江苏警官学院,江苏,0,0,0,1,0,1,0,1,1,0,0,0,0,0,0,1,1,2,0,倪雪莉、梁广俊,1,本科,0.0,否,0.5,是
河池学院,广西,0,0,0,0,2,2,0,0,0,0,0,0,0,0,0,0,2,2,0,陈晨、黄青群,1,本科,0.0,否,0.5,是
济南幼儿师范高等专科学校,山东,0,2,2,0,0,0,0,0,0,0,0,0,0,0,0,0,2,2,0,于文艳、隋桂霞,1,专科,0.0,否,0.5,是
济源职业技术学院,河南,0,0,0,1,0,1,0,0,0,0,1,1,0,0,0,1,1,2,0,赵晓花、黄瑞芳,1,专科,0.5,否,0.5,是
浙江水利水电学院,浙江,0,1,1,0,0,0,0,0,0,0,0,0,0,1,1,0,2,2,0,孙历霞、蔡建平,1,本科,0.5,否,0.5,是
海口经济学院,海南,0,0,0,0,1,1,0,1,1,0,0,0,0,0,0,0,2,2,0,刘逸轩、闫岩,1,本科,0.0,否,0.5,是
淄博职业学院,山东,0,0,0,1,0,1,0,0,0,0,1,1,0,0,0,1,1,2,0,张汝芳、陈晓旭,1,专科,0.5,否,0.5,是
渤海大学,辽宁,0,0,0,0,1,1,0,1,1,0,0,0,0,0,0,0,2,2,0,王晓霞,2,本科,0.0,否,1.0,是
温州商学院,浙江,0,0,0,1,0,1,0,0,0,0,0,0,0,1,1,1,1,2,0,潘建丹,1,本科,0.5,否,0.5,是
湖北工业大学工程技术学院,湖北,0,0,0,0,2,2,0,0,0,0,0,0,0,0,0,0,2,2,0,92,0,本科,0.0,否,0.0,否
湖北师范大学文理学院,湖北,0,0,0,0,1,1,0,0,0,1,0,1,0,0,0,1,1,2,0,徐鹏,2,本科,0.5,否,1.0,是
湖南科技职业学院,湖南,0,0,0,0,1,1,0,0,0,0,0,0,0,1,1,0,2,2,0,92,0,专科,0.5,否,0.0,否
滇西应用技术大学,云南,0,0,0,0,2,2,0,0,0,0,0,0,0,0,0,0,2,2,0,寸宇潇、赵建红,1,本科,0.0,否,0.5,是
烟台工程职业技术学院,山东,1,0,1,0,1,1,0,0,0,0,0,0,0,0,0,1,1,2,0,孙静静,2,专科,0.0,否,1.0,是
燕山大学里仁学院,河北,0,2,2,0,0,0,0,0,0,0,0,0,0,0,0,0,2,2,0,于颖、贠小青,1,本科,0.0,否,0.5,是
牡丹江师范学院,黑龙江,1,0,1,0,0,0,0,1,1,0,0,0,0,0,0,1,1,2,0,磨然、赵文英,1,本科,0.0,否,0.5,是
福州外语外贸学院,福建,0,0,0,0,0,0,0,0,0,0,2,2,0,0,0,0,2,2,0,朱立群、赵晓,1,本科,1.0,否,0.5,是
福建医科大学,福建,0,0,0,0,0,0,0,1,1,0,1,1,0,0,0,0,2,2,0,何尾莲、郑鹭亮,1,本科,0.5,否,0.5,是
红河学院,云南,0,0,0,0,1,1,0,1,1,0,0,0,0,0,0,0,2,2,0,徐霞、李明,1,本科,0.0,否,0.5,是
肇庆学院,广东,0,1,1,0,0,0,0,1,1,0,0,0,0,0,0,0,2,2,0,吴晓、尹明凯,1,本科,0.0,否,0.5,是
西南交通大学希望学院,四川,1,0,1,0,1,1,0,0,0,0,0,0,0,0,0,1,1,2,0,宋军智、苗成双,1,本科,0.0,否,0.5,是
赣南科技学院,江西,0,0,0,0,2,2,0,0,0,0,0,0,0,0,0,0,2,2,0,兰丽英、谢传根,1,本科,0.0,否,0.5,是
辽宁科技大学,辽宁,0,0,0,0,1,1,0,0,0,0,1,1,0,0,0,0,2,2,0,李响、杨鹏,1,本科,0.5,否,0.5,是
邵阳学院,湖南,1,0,1,0,0,0,0,1,1,0,0,0,0,0,0,1,1,2,0,刘桃花,2,本科,0.0,否,1.0,是
郑州科技学院,河南,0,0,0,0,1,1,0,0,0,0,1,1,0,0,0,0,2,2,0,赵雅琪,1,本科,0.5,否,0.5,是
重庆工程学院,重庆,0,1,1,0,1,1,0,0,0,0,0,0,0,0,0,0,2,2,0,赵战兴,2,本科,0.0,否,1.0,是
重庆科技学院,重庆,0,1,1,0,0,0,0,1,1,0,0,0,0,0,0,0,2,2,0,彭扬、陈恒杰,1,本科,0.0,否,0.5,是
铜仁职业技术学院,贵州,0,1,1,0,0,0,0,1,1,0,0,0,0,0,0,0,2,2,0,仝广增、王海扬,1,专科,0.0,否,0.5,是
长春光华学院,吉林,0,0,0,0,0,0,0,1,1,0,1,1,0,0,0,0,2,2,0,闻学娟,1,本科,0.5,否,0.5,是
陆军军事交通学院,天津,0,0,0,0,2,2,0,0,0,0,0,0,0,0,0,0,2,2,0,刘艳娜、胡宝安,1,本科,0.0,否,0.5,是
陆军工程大学通信士官学校,重庆,0,0,0,0,0,0,0,1,1,0,1,1,0,0,0,0,2,2,0,张宇、曲晨,1,专科,0.5,否,0.5,是
陕西职业技术学院,陕西,0,0,0,0,1,1,0,1,1,0,0,0,0,0,0,0,2,2,0,张军粮、邢留桓,1,专科,0.0,否,0.5,是
青海师范大学,青海,0,0,0,0,0,0,0,1,1,1,0,1,0,0,0,1,1,2,0,张乐乐、李召妮,1,本科,0.5,否,0.5,是
首都经济贸易大学,北京,0,0,0,0,1,1,0,0,0,0,1,1,0,0,0,0,2,2,0,叶飞、陈江荣,1,本科,0.5,否,0.5,是
香港城市大学,香港,0,1,1,1,0,1,0,0,0,0,0,0,0,0,0,1,1,2,0,92,0,本科,0.0,否,0.0,否
黔南民族职业技术学院,贵州,0,0,0,0,1,1,0,1,1,0,0,0,0,0,0,0,2,2,0,姜永成,1,专科,0.0,否,0.5,是
齐齐哈尔大学,黑龙江,0,0,0,0,1,1,0,0,0,0,1,1,0,0,0,0,2,2,0,朱婧、靳展,1,本科,0.5,否,0.5,是
中国传媒大学海南国际学院,海南,0,0,0,0,0,0,0,0,0,0,0,0,0,1,1,0,1,1,1,刘杉,1,本科,0.5,否,1.0,是
南宁师范大学,广西,0,0,0,0,0,0,0,0,0,0,0,0,0,1,1,0,1,1,1,杨燕,1,本科,0.5,否,1.0,是
吉利学院,四川,0,0,0,0,0,0,0,0,0,0,0,0,0,1,1,0,1,1,1,92,0,本科,0.5,否,0.0,否
吉林化工大学,吉林,0,0,0,0,0,0,0,0,0,0,0,0,0,1,1,0,1,1,1,孙唯策,1,本科,0.5,否,1.0,是
吉林水利电力职业学院,吉林,0,0,0,0,0,0,0,0,0,0,0,0,0,1,1,0,1,1,1,王洁,1,专科,0.5,否,1.0,是
唐山师范学院,河北,0,0,0,0,0,0,0,0,0,0,0,0,0,1,1,0,1,1,1,冯玉芬,1,本科,0.5,否,1.0,是
大同师范高等专科学校,山西,0,0,0,0,0,0,0,0,0,0,0,0,0,1,1,0,1,1,1,王海晔,1,专科,0.5,否,1.0,是
天津渤海职业技术学院,天津,0,0,0,0,0,0,0,0,0,0,0,0,1,0,1,1,0,1,1,92,0,专科,0.5,否,0.0,否
宁夏财经职业技术学院,宁夏,0,0,0,0,0,0,0,0,0,0,0,0,0,1,1,0,1,1,1,张月梅,1,专科,0.5,否,1.0,是
宁德师范学院,福建,0,0,0,0,0,0,0,0,0,0,0,0,0,1,1,0,1,1,1,刘鑫,1,本科,0.5,否,1.0,是
宜宾学院,四川,0,0,0,0,0,0,0,0,0,0,0,0,0,1,1,0,1,1,1,王毓乾,1,本科,0.5,否,1.0,是
山西国际商务职业学院,山西,0,0,0,0,0,0,0,0,0,0,0,0,0,1,1,0,1,1,1,张利媛,1,专科,0.5,否,1.0,是
山西工程技术学院,山西,0,0,0,0,0,0,0,0,0,0,0,0,0,1,1,0,1,1,1,张琳梅,1,本科,0.5,否,1.0,是
山西应用科技学院,山西,0,0,0,0,0,0,0,0,0,0,0,0,0,1,1,0,1,1,1,温璇,1,本科,0.5,否,1.0,是
广西生态工程职业技术学院,广西,0,0,0,0,0,0,0,0,0,0,0,0,0,1,1,0,1,1,1,唐叶芝,1,专科,0.5,否,1.0,是
庆阳职业技术学院,甘肃,0,0,0,0,0,0,0,0,0,0,0,0,0,1,1,0,1,1,1,苟银霞,1,专科,0.5,否,1.0,是
成都农业科技职业学院,四川,0,0,0,0,0,0,0,0,0,0,0,0,0,1,1,0,1,1,1,黄冉,1,专科,0.5,否,1.0,是
新乡工程学院,河南,0,0,0,0,0,0,0,0,0,0,0,0,0,1,1,0,1,1,1,王玉芬,1,本科,0.5,否,1.0,是
新乡职业技术学院,河南,0,0,0,0,0,0,0,0,0,0,0,0,0,1,1,0,1,1,1,许霞,1,专科,0.5,否,1.0,是
晋中职业技术学院,山西,0,0,0,0,0,0,0,0,0,0,0,0,0,1,1,0,1,1,1,闫婷婷,1,专科,0.5,否,1.0,是
林州建筑职业技术学院,河南,0,0,0,0,0,0,0,0,0,0,0,0,0,1,1,0,1,1,1,原晨冉,1,专科,0.5,否,1.0,是
河北医科大学,河北,0,0,0,0,0,0,0,0,0,0,0,0,0,1,1,0,1,1,1,刘东艳,1,本科,0.5,否,1.0,是
河南地矿职业学院,河南,0,0,0,0,0,0,0,0,0,0,0,0,0,1,1,0,1,1,1,时书音,1,专科,0.5,否,1.0,是
河南女子职业学院,河南,0,0,0,0,0,0,0,0,0,0,0,0,1,0,1,1,0,1,1,裴东旭,1,专科,0.5,否,1.0,是
河南工业贸易职业学院,河南,0,0,0,0,0,0,0,0,0,0,0,0,0,1,1,0,1,1,1,杨玉,1,专科,0.5,否,1.0,是
滇池学院,云南,0,0,0,0,0,0,0,0,0,0,0,0,0,1,1,0,1,1,1,杜豫菲,1,本科,0.5,否,1.0,是
白银矿冶职业技术学院,甘肃,0,0,0,0,0,0,0,0,0,0,0,0,0,1,1,0,1,1,1,刘玲,1,专科,0.5,否,1.0,是
绵阳职业技术学院,四川,0,0,0,0,0,0,0,0,0,0,0,0,0,1,1,0,1,1,1,王茂萍,1,专科,0.5,否,1.0,是
网络空间部队信息工程大学,河南,0,0,0,0,0,0,0,0,0,0,0,0,0,1,1,0,1,1,1,程相然,1,本科,0.5,否,1.0,是
联勤保障部队工程大学,重庆,0,0,0,0,0,0,0,0,0,0,0,0,1,0,1,1,0,1,1,方玲,1,本科,0.5,否,1.0,是
西藏职业技术学院,西藏,0,0,0,0,0,0,0,0,0,0,0,0,0,1,1,0,1,1,1,92,0,专科,0.5,否,0.0,否
通信士官学校,重庆,0,0,0,0,0,0,0,0,0,0,0,0,0,1,1,0,1,1,1,曲晨,1,专科,0.5,否,1.0,是
郑州工业应用技术学院,河南,0,0,0,0,0,0,0,0,0,0,0,0,0,1,1,0,1,1,1,彭冲冲,1,本科,0.5,否,1.0,是
郑州经贸学院,河南,0,0,0,0,0,0,0,0,0,0,0,0,0,1,1,0,1,1,1,谷芳,1,本科,0.5,否,1.0,是
重庆科技大学,重庆,0,0,0,0,0,0,0,0,0,0,0,0,0,1,1,0,1,1,1,廖文诗,1,本科,0.5,否,1.0,是
青海职业技术大学,青海,0,0,0,0,0,0,0,0,0,0,0,0,0,1,1,0,1,1,1,李艳艳,1,本科,0.5,否,1.0,是
黄淮学院,河南,0,0,0,0,0,0,0,0,0,0,0,0,0,1,1,0,1,1,1,苗秀金,1,本科,0.5,否,1.0,是
三亚学院,海南,0,1,1,0,0,0,0,0,0,0,0,0,0,0,0,0,1,1,0,92,0,本科,0.0,否,0.0,否
三亚航空旅游职业学院,海南,0,0,0,0,0,0,0,1,1,0,0,0,0,0,0,0,1,1,0,庄璇,1,专科,0.0,否,1.0,是
上海东海职业技术学院,上海,0,0,0,0,0,0,0,0,0,0,0,0,0,1,1,0,1,1,0,92,0,专科,0.5,否,0.0,否
上海农林职业技术学院,上海,0,0,0,0,0,0,0,0,0,0,1,1,0,0,0,0,1,1,0,王悦,1,专科,0.5,否,1.0,是
上海外国语大学,上海,0,0,0,0,1,1,0,0,0,0,0,0,0,0,0,0,1,1,0,92,0,本科,0.0,否,0.0,否
上海工商职业技术学院,上海,0,0,0,1,0,1,0,0,0,0,0,0,0,0,0,1,0,1,0,92,0,专科,0.0,否,0.0,否
上海政法学院,上海,0,0,0,0,0,0,0,0,0,0,1,1,0,0,0,0,1,1,0,季春丽,1,本科,0.5,否,1.0,是
上海海关学院,上海,0,1,1,0,0,0,0,0,0,0,0,0,0,0,0,0,1,1,0,92,0,本科,0.0,否,0.0,否
上海科学技术职业学院,上海,0,0,0,0,0,0,0,0,0,0,1,1,0,0,0,0,1,1,0,徐华,1,专科,0.5,否,1.0,是
上海立信会计金融学院,上海,0,0,0,0,1,1,0,0,0,0,0,0,0,0,0,0,1,1,0,李晓彬,1,本科,0.0,否,1.0,是
东莞职业技术学院,广东,0,0,0,0,1,1,0,0,0,0,0,0,0,0,0,0,1,1,0,付玉霞,1,专科,0.0,否,1.0,是
中南民族大学,湖北,0,0,0,0,0,0,0,0,0,0,1,1,0,0,0,0,1,1,0,汪政红,1,本科,0.5,否,1.0,是
中国人民武装警察部队士官学校,浙江,0,0,0,0,0,0,0,1,1,0,0,0,0,0,0,0,1,1,0,解小芸,1,专科,0.0,否,1.0,是
中国人民武装警察部队海警学院,浙江,0,0,0,0,0,0,0,0,0,0,0,0,0,1,1,0,1,1,0,王雷,1,本科,0.5,否,1.0,是
中国劳动关系学院,北京,0,0,0,0,0,0,0,0,0,0,1,1,0,0,0,0,1,1,0,王志高,1,本科,0.5,否,1.0,是
中国石油大学（北京）,北京,0,0,0,0,1,1,0,0,0,0,0,0,0,0,0,0,1,1,0,孟得新,1,本科,0.0,否,1.0,是
中国药科大学,江苏,0,0,0,0,1,1,0,0,0,0,0,0,0,0,0,0,1,1,0,刘甜甜,1,本科,0.0,否,1.0,是
丽水职业技术学院,浙江,0,0,0,0,0,0,0,0,0,0,0,0,1,0,1,1,0,1,0,唐琳,1,专科,0.5,否,1.0,是
义乌工商职业技术学院,浙江,0,0,0,0,0,0,0,0,0,1,0,1,0,0,0,1,0,1,0,92,0,专科,0.5,否,0.0,否
云南工商学院,云南,0,1,1,0,0,0,0,0,0,0,0,0,0,0,0,0,1,1,0,李吉成,1,本科,0.0,否,1.0,是
云南工程职业学院,云南,0,0,0,0,0,0,0,0,0,0,1,1,0,0,0,0,1,1,0,侯煜,1,专科,0.5,否,1.0,是
保定电力职业技术学院,河北,0,0,0,0,1,1,0,0,0,0,0,0,0,0,0,0,1,1,0,平仙,1,专科,0.0,否,1.0,是
六盘水师范学院,贵州,0,0,0,0,1,1,0,0,0,0,0,0,0,0,0,0,1,1,0,刘平清,1,本科,0.0,否,1.0,是
兰州博文科技学院,甘肃,0,1,1,0,0,0,0,0,0,0,0,0,0,0,0,0,1,1,0,潘璐,1,本科,0.0,否,1.0,是
兰州工业学院,甘肃,0,0,0,0,1,1,0,0,0,0,0,0,0,0,0,0,1,1,0,吝洁,1,本科,0.0,否,1.0,是
兰州文理学院,甘肃,0,0,0,0,0,0,0,0,0,0,1,1,0,0,0,0,1,1,0,张婷,1,本科,0.5,否,1.0,是
兰州资源环境职业技术学院,甘肃,0,1,1,0,0,0,0,0,0,0,0,0,0,0,0,0,1,1,0,马志良,1,专科,0.0,否,1.0,是
共青科技职业学院,江西,0,0,0,0,0,0,0,0,0,0,1,1,0,0,0,0,1,1,0,胡序懿,1,专科,0.5,否,1.0,是
内蒙古建筑职业技术学院,内蒙古,0,0,0,0,0,0,0,0,0,0,1,1,0,0,0,0,1,1,0,杨丽清,1,专科,0.5,否,1.0,是
北京劳动保障职业学院,北京,0,0,0,0,0,0,0,0,0,0,0,0,0,1,1,0,1,1,0,施丽娟,1,专科,0.5,否,1.0,是
北京工商大学,北京,0,1,1,0,0,0,0,0,0,0,0,0,0,0,0,0,1,1,0,92,0,本科,0.0,否,0.0,否
北京物资学院,北京,0,0,0,0,0,0,0,0,0,0,1,1,0,0,0,0,1,1,0,王璟,1,本科,0.5,否,1.0,是
北京电子科技学院,北京,0,0,0,0,0,0,0,1,1,0,0,0,0,0,0,0,1,1,0,孟璀,1,本科,0.0,否,1.0,是
北京科技职业大学,北京,0,0,0,0,0,0,0,0,0,0,0,0,1,0,1,1,0,1,0,李啸天,1,本科,0.5,否,1.0,是
北华航天工业学院,河北,0,0,0,1,0,1,0,0,0,0,0,0,0,0,0,1,0,1,0,毕晓华,1,本科,0.0,否,1.0,是
北方工业大学,北京,0,0,0,0,0,0,0,0,0,0,0,0,0,1,1,0,1,1,0,郭磊磊,1,本科,0.5,否,1.0,是
华东交通大学理工学院,江西,0,1,1,0,0,0,0,0,0,0,0,0,0,0,0,0,1,1,0,梁海峰,1,本科,0.0,否,1.0,是
南京工业大学浦江学院,江苏,0,0,0,0,0,0,0,0,0,0,0,0,0,1,1,0,1,1,0,陈涛,1,本科,0.5,否,1.0,是
南京工程学院,江苏,0,0,0,0,0,0,0,0,0,0,0,0,0,1,1,0,1,1,0,何杨帆,1,本科,0.5,否,1.0,是
南京邮电大学通达学院,江苏,0,0,0,0,0,0,0,0,0,0,0,0,0,1,1,0,1,1,0,92,0,本科,0.5,否,0.0,否
南昌交通学院,江西,0,0,0,0,0,0,0,0,0,0,1,1,0,0,0,0,1,1,0,梁海峰,1,本科,0.5,否,1.0,是
南昌大学科学技术学院,江西,0,0,0,0,1,1,0,0,0,0,0,0,0,0,0,0,1,1,0,李凤,1,本科,0.0,否,1.0,是
南昌工学院,江西,0,0,0,0,0,0,0,0,0,0,1,1,0,0,0,0,1,1,0,丁志林,1,本科,0.5,否,1.0,是
南昌工程学院,江西,0,0,0,0,0,0,0,0,0,0,1,1,0,0,0,0,1,1,0,张毓华,1,本科,0.5,否,1.0,是
南阳农业职业学院,河南,0,1,1,0,0,0,0,0,0,0,0,0,0,0,0,0,1,1,0,徐品,1,专科,0.0,否,1.0,是
南阳理工学院,河南,0,0,0,0,1,1,0,0,0,0,0,0,0,0,0,0,1,1,0,马峰,1,本科,0.0,否,1.0,是
合肥信息技术职业学院,安徽,0,0,0,0,0,0,0,0,0,0,0,0,0,1,1,0,1,1,0,张晓静,1,专科,0.5,否,1.0,是
合肥大学,安徽,0,0,0,0,0,0,0,0,0,1,0,1,0,0,0,1,0,1,0,李旭,1,本科,0.5,否,1.0,是
合肥学院,安徽,0,1,1,0,0,0,0,0,0,0,0,0,0,0,0,0,1,1,0,马宁,1,本科,0.0,否,1.0,是
合肥师范学院,安徽,0,0,0,0,0,0,0,0,0,0,0,0,0,1,1,0,1,1,0,康晴晴,1,本科,0.5,否,1.0,是
合肥财经职业学院,安徽,0,0,0,0,0,0,0,0,0,0,0,0,0,1,1,0,1,1,0,沈玲玲,1,专科,0.5,否,1.0,是
吉安幼儿师范高等专科学校,江西,0,0,0,0,0,0,0,1,1,0,0,0,0,0,0,0,1,1,0,刘涌泉,1,专科,0.0,否,1.0,是
吉林化工学院,吉林,0,0,0,0,0,0,0,0,0,0,1,1,0,0,0,0,1,1,0,许洁,1,本科,0.5,否,1.0,是
吉林医药学院,吉林,0,1,1,0,0,0,0,0,0,0,0,0,0,0,0,0,1,1,0,张若东,1,本科,0.0,否,1.0,是
吉林警察学院,吉林,0,0,0,0,0,0,0,0,0,0,1,1,0,0,0,0,1,1,0,李丽芳,1,本科,0.5,否,1.0,是
咸阳师范学院,陕西,0,0,0,0,0,0,0,0,0,0,1,1,0,0,0,0,1,1,0,马欣荣,1,本科,0.5,否,1.0,是
哈尔滨华德学院,黑龙江,0,0,0,0,0,0,0,0,0,0,1,1,0,0,0,0,1,1,0,姜珊,1,本科,0.5,否,1.0,是
嘉兴大学,浙江,0,0,0,0,0,0,0,0,0,0,1,1,0,0,0,0,1,1,0,92,0,本科,0.5,否,0.0,否
四川交通职业技术学院,四川,0,1,1,0,0,0,0,0,0,0,0,0,0,0,0,0,1,1,0,潘蕊,1,专科,0.0,否,1.0,是
四川信息职业技术学院,四川,0,0,0,0,1,1,0,0,0,0,0,0,0,0,0,0,1,1,0,文阳,1,专科,0.0,否,1.0,是
四川托普信息技术职业学院,四川,0,0,0,0,0,0,0,0,0,0,1,1,0,0,0,0,1,1,0,徐彬尧,1,专科,0.5,否,1.0,是
大连东软信息学院,辽宁,0,1,1,0,0,0,0,0,0,0,0,0,0,0,0,0,1,1,0,王玉君,1,本科,0.0,否,1.0,是
大连民族大学,辽宁,0,0,0,0,0,0,0,1,1,0,0,0,0,0,0,0,1,1,0,许凤丹,1,本科,0.0,否,1.0,是
大连理工大学城市学院,辽宁,0,1,1,0,0,0,0,0,0,0,0,0,0,0,0,0,1,1,0,肖厚国,1,本科,0.0,否,1.0,是
大连职业技术学院,辽宁,0,0,0,0,0,0,0,0,0,0,0,0,0,1,1,0,1,1,0,李俊欣,1,专科,0.5,否,1.0,是
天津外国语大学,天津,0,0,0,0,0,0,0,0,0,0,1,1,0,0,0,0,1,1,0,武女则,1,本科,0.5,否,1.0,是
威海海洋职业学院,山东,0,0,0,0,1,1,0,0,0,0,0,0,0,0,0,0,1,1,0,姜金霞,1,专科,0.0,否,1.0,是
威海职业学院,山东,0,0,0,0,0,0,0,1,1,0,0,0,0,0,0,0,1,1,0,姜成建,1,专科,0.0,否,1.0,是
宁夏医科大学,宁夏,0,0,0,0,1,1,0,0,0,0,0,0,0,0,0,0,1,1,0,龚薇,1,本科,0.0,否,1.0,是
宁夏大学新华学院,宁夏,0,0,0,0,0,0,0,1,1,0,0,0,0,0,0,0,1,1,0,张园园,1,本科,0.0,否,1.0,是
安徽工商职业学院,安徽,0,0,0,0,0,0,0,0,0,0,1,1,0,0,0,0,1,1,0,徐辉,1,专科,0.5,否,1.0,是
安徽第二医学院,安徽,0,0,0,0,0,0,0,0,0,0,0,0,0,1,1,0,1,1,0,张纪强,1,本科,0.5,否,1.0,是
安徽职业技术学院,安徽,0,0,0,0,0,0,0,1,1,0,0,0,0,0,0,0,1,1,0,李天理,1,专科,0.0,否,1.0,是
安阳工学院,河南,0,0,0,0,0,0,0,1,1,0,0,0,0,0,0,0,1,1,0,刘肖云,1,本科,0.0,否,1.0,是
宜春幼儿师范高等专科学校,江西,0,0,0,0,0,0,0,1,1,0,0,0,0,0,0,0,1,1,0,李丹,1,专科,0.0,否,1.0,是
宝鸡文理学院,陕西,0,0,0,0,1,1,0,0,0,0,0,0,0,0,0,0,1,1,0,惠姣姣,1,本科,0.0,否,1.0,是
山东商务职业学院,山东,0,1,1,0,0,0,0,0,0,0,0,0,0,0,0,0,1,1,0,92,0,专科,0.0,否,0.0,否
山东外国语职业技术大学,山东,0,1,1,0,0,0,0,0,0,0,0,0,0,0,0,0,1,1,0,陈玉,1,本科,0.0,否,1.0,是
山东外贸职业学院,山东,0,0,0,1,0,1,0,0,0,0,0,0,0,0,0,1,0,1,0,92,0,专科,0.0,否,0.0,否
山东工业职业学院,山东,0,1,1,0,0,0,0,0,0,0,0,0,0,0,0,0,1,1,0,丁艳梅,1,专科,0.0,否,1.0,是
山东工程职业技术大学,山东,0,0,0,0,0,0,0,0,0,0,0,0,1,0,1,1,0,1,0,梅琳,1,本科,0.5,否,1.0,是
山东青年政治学院,山东,0,0,0,0,0,0,0,0,0,0,0,0,0,1,1,0,1,1,0,孟召平,1,本科,0.5,否,1.0,是
山西工学院,山西,0,0,0,0,0,0,0,1,1,0,0,0,0,0,0,0,1,1,0,杜蘅,1,本科,0.0,否,1.0,是
山西建筑职业技术学院,山西,0,1,1,0,0,0,0,0,0,0,0,0,0,0,0,0,1,1,0,贺利敏,1,专科,0.0,否,1.0,是
山西水利职业技术学院,山西,0,0,0,0,0,0,0,0,0,0,1,1,0,0,0,0,1,1,0,王青梅,1,专科,0.5,否,1.0,是
山西科技学院,山西,0,0,0,0,0,0,0,0,0,0,1,1,0,0,0,0,1,1,0,梁楚楚,1,本科,0.5,否,1.0,是
山西药科职业学院,山西,0,0,0,0,0,0,0,0,0,1,0,1,0,0,0,1,0,1,0,王剑红,1,专科,0.5,否,1.0,是
岭南师范学院,广东,0,0,0,0,0,0,0,0,0,0,1,1,0,0,0,0,1,1,0,刘雄,1,本科,0.5,否,1.0,是
常熟理工学院,江苏,0,0,0,0,0,0,1,0,1,0,0,0,0,0,0,1,0,1,0,92,0,本科,0.0,否,0.0,否
平顶山职业技术学院,河南,0,0,0,0,0,0,0,0,0,0,1,1,0,0,0,0,1,1,0,裴松雨,1,专科,0.5,否,1.0,是
广东交通职业技术学院,广东,0,0,0,0,0,0,0,1,1,0,0,0,0,0,0,0,1,1,0,卢春,1,专科,0.0,否,1.0,是
广东农工商职业技术学院,广东,0,0,0,0,1,1,0,0,0,0,0,0,0,0,0,0,1,1,0,官金兰,1,专科,0.0,否,1.0,是
广东医科大学,广东,0,0,0,0,0,0,0,0,0,0,0,0,0,1,1,0,1,1,0,丛平平,1,本科,0.5,否,1.0,是
广东司法警官职业学院,广东,0,0,0,0,0,0,0,0,0,0,0,0,0,1,1,0,1,1,0,赖河蒗,1,专科,0.5,否,1.0,是
广东外语外贸大学南国商学院,广东,0,1,1,0,0,0,0,0,0,0,0,0,0,0,0,0,1,1,0,朱玉芳,1,本科,0.0,否,1.0,是
广东财贸职业学院,广东,0,0,0,0,0,0,0,0,0,0,0,0,0,1,1,0,1,1,0,宋西红,1,专科,0.5,否,1.0,是
广安职业技术学院,四川,0,0,0,0,0,0,0,1,1,0,0,0,0,0,0,0,1,1,0,何宏,1,专科,0.0,否,1.0,是
广州工商学院,广东,0,0,0,0,0,0,0,0,0,1,0,1,0,0,0,1,0,1,0,郭祺,1,本科,0.5,否,1.0,是
广州理工学院,广东,0,0,0,0,0,0,0,0,0,0,0,0,0,1,1,0,1,1,0,潘行,1,本科,0.5,否,1.0,是
广西交通职业技术学院,广西,0,0,0,0,0,0,0,1,1,0,0,0,0,0,0,0,1,1,0,贲春丽,1,专科,0.0,否,1.0,是
广西电力职业技术学院,广西,0,0,0,0,0,0,0,0,0,0,1,1,0,0,0,0,1,1,0,92,0,专科,0.5,否,0.0,否
康复大学,山东,0,0,0,0,0,0,0,0,0,0,0,0,1,0,1,1,0,1,0,李秀丽,1,本科,0.5,否,1.0,是
廊坊燕京职业技术学院,河北,0,0,0,0,1,1,0,0,0,0,0,0,0,0,0,0,1,1,0,陈超,1,专科,0.0,否,1.0,是
张家界航空工业职业技术学院,湖南,0,0,0,0,0,0,0,0,0,0,0,0,0,1,1,0,1,1,0,王娅君,1,专科,0.5,否,1.0,是
德宏师范高等专科学校,云南,0,0,0,0,0,0,0,1,1,0,0,0,0,0,0,0,1,1,0,彭杰,1,专科,0.0,否,1.0,是
成都工业职业技术学院,四川,0,0,0,0,0,0,0,0,0,0,1,1,0,0,0,0,1,1,0,张廷招,1,专科,0.5,否,1.0,是
成都师范学院,四川,0,1,1,0,0,0,0,0,0,0,0,0,0,0,0,0,1,1,0,左凯,1,本科,0.0,否,1.0,是
成都锦城学院,四川,0,0,0,0,0,0,0,1,1,0,0,0,0,0,0,0,1,1,0,李军燕,1,本科,0.0,否,1.0,是
扎兰屯职业学院,内蒙古,0,0,0,0,0,0,0,0,0,0,0,0,0,1,1,0,1,1,0,张金传,1,专科,0.5,否,1.0,是
扬州职业大学,江苏,0,0,0,0,1,1,0,0,0,0,0,0,0,0,0,0,1,1,0,文传军,1,专科,0.0,否,1.0,是
抚州幼儿师范高等专科学校,江西,0,0,0,0,0,0,0,0,0,0,0,0,0,1,1,0,1,1,0,92,0,专科,0.5,否,0.0,否
新疆农业大学,新疆,0,1,1,0,0,0,0,0,0,0,0,0,0,0,0,0,1,1,0,92,0,本科,0.0,否,0.0,否
新疆天山职业技术大学,新疆,0,0,0,0,0,0,0,1,1,0,0,0,0,0,0,0,1,1,0,邓黎江,1,本科,0.0,否,1.0,是
新疆师范大学,新疆,0,0,0,0,0,0,0,1,1,0,0,0,0,0,0,0,1,1,0,王爽,1,本科,0.0,否,1.0,是
新疆政法学院,新疆,0,0,0,0,0,0,0,0,0,0,1,1,0,0,0,0,1,1,0,92,0,本科,0.5,否,0.0,否
新疆理工学院,新疆,0,0,0,0,0,0,0,0,0,0,1,1,0,0,0,0,1,1,0,张雪丽,1,本科,0.5,否,1.0,是
昆明城市学院,云南,0,0,0,0,0,0,0,0,0,0,1,1,0,0,0,0,1,1,0,高铭,1,本科,0.5,否,1.0,是
昆明文理学院,云南,0,0,0,0,0,0,0,0,0,0,1,1,0,0,0,0,1,1,0,刘瑞娟,1,本科,0.5,否,1.0,是
景德镇学院,江西,0,0,0,0,0,0,0,0,0,0,0,0,0,1,1,0,1,1,0,92,0,本科,0.5,否,0.0,否
梧州学院,广西,0,0,0,0,1,1,0,0,0,0,0,0,0,0,0,0,1,1,0,92,0,本科,0.0,否,0.0,否
武夷学院,福建,0,0,0,0,0,0,0,0,0,0,1,1,0,0,0,0,1,1,0,郑航,1,本科,0.5,否,1.0,是
武昌理工学院,湖北,0,0,0,0,0,0,0,0,0,0,0,0,1,0,1,1,0,1,0,92,0,本科,0.5,否,0.0,否
武汉交通职业学院,湖北,0,0,0,1,0,1,0,0,0,0,0,0,0,0,0,1,0,1,0,92,0,专科,0.0,否,0.0,否
武汉城市职业学院,湖北,0,0,0,0,0,0,0,1,1,0,0,0,0,0,0,0,1,1,0,92,0,专科,0.0,否,0.0,否
武汉学院,湖北,0,0,0,0,0,0,0,0,0,0,1,1,0,0,0,0,1,1,0,蒋磊,1,本科,0.5,否,1.0,是
武汉船舶职业技术学院,湖北,0,0,0,0,0,0,0,1,1,0,0,0,0,0,0,0,1,1,0,杨薇,1,专科,0.0,否,1.0,是
汉中职业技术学院,陕西,0,0,0,0,0,0,1,0,1,0,0,0,0,0,0,1,0,1,0,崔艳丽,1,专科,0.0,否,1.0,是
汉口学院,湖北,0,0,0,0,0,0,0,0,0,0,1,1,0,0,0,0,1,1,0,李雨潇,1,本科,0.5,否,1.0,是
汉江师范学院,湖北,0,1,1,0,0,0,0,0,0,0,0,0,0,0,0,0,1,1,0,袁力,1,本科,0.0,否,1.0,是
江苏农林职业技术学院,江苏,0,0,0,0,0,0,0,1,1,0,0,0,0,0,0,0,1,1,0,高冰,1,专科,0.0,否,1.0,是
江苏城乡建设职业学院,江苏,0,0,0,0,0,0,0,1,1,0,0,0,0,0,0,0,1,1,0,王丽花,1,专科,0.0,否,1.0,是
江苏财经职业技术学院,江苏,0,0,0,1,0,1,0,0,0,0,0,0,0,0,0,1,0,1,0,92,0,专科,0.0,否,0.0,否
江西冶金职业技术学院,江西,0,0,0,0,0,0,0,1,1,0,0,0,0,0,0,0,1,1,0,温世岐,1,专科,0.0,否,1.0,是
江西工业工程职业技术学院,江西,0,0,0,0,0,0,0,0,0,0,1,1,0,0,0,0,1,1,0,苏崴,1,专科,0.5,否,1.0,是
江西洪州职业学院,江西,0,0,0,0,0,0,0,0,0,0,0,0,0,1,1,0,1,1,0,吴策文,1,专科,0.5,否,1.0,是
江西电力职业技术学院,江西,0,0,0,0,0,0,0,0,0,0,0,0,1,0,1,1,0,1,0,康光清,1,专科,0.5,否,1.0,是
江西软件职业技术大学,江西,0,0,0,0,0,0,0,0,0,0,0,0,0,1,1,0,1,1,0,92,0,本科,0.5,否,0.0,否
江西飞行学院,江西,0,0,0,0,0,0,0,0,0,0,0,0,0,1,1,0,1,1,0,周鹏,1,本科,0.5,否,1.0,是
沈阳化工大学,辽宁,0,0,0,0,0,0,0,0,0,0,0,0,0,1,1,0,1,1,0,李扬,1,本科,0.5,否,1.0,是
沈阳城市学院,辽宁,0,0,0,0,0,0,0,1,1,0,0,0,0,0,0,0,1,1,0,姜莹莹,1,本科,0.0,否,1.0,是
沈阳大学,辽宁,0,0,0,0,0,0,0,1,1,0,0,0,0,0,0,0,1,1,0,陈良生,1,本科,0.0,否,1.0,是
沈阳职业技术学院,辽宁,0,0,0,0,0,0,0,0,0,0,0,0,0,1,1,0,1,1,0,92,0,专科,0.5,否,0.0,否
河北交通职业技术学院,河北,1,0,1,0,0,0,0,0,0,0,0,0,0,0,0,1,0,1,0,92,0,专科,0.0,否,0.0,否
河北司法警官职业学院,河北,0,0,0,0,0,0,0,0,0,1,0,1,0,0,0,1,0,1,0,郭亚敏,1,专科,0.5,否,1.0,是
河北工程大学科信学院,河北,0,0,0,0,1,1,0,0,0,0,0,0,0,0,0,0,1,1,0,庞培林,1,本科,0.0,否,1.0,是
河北建筑工程学院,河北,0,0,0,0,0,0,0,0,0,0,1,1,0,0,0,0,1,1,0,茹慧英,1,本科,0.5,否,1.0,是
河北机电职业技术学院,河北,0,0,0,1,0,1,0,0,0,0,0,0,0,0,0,1,0,1,0,92,0,专科,0.0,否,0.0,否
河南城建学院,河南,0,0,0,0,0,0,0,1,1,0,0,0,0,0,0,0,1,1,0,李德英,1,本科,0.0,否,1.0,是
河南水利与环境职业学院,河南,0,0,0,0,0,0,0,0,0,0,1,1,0,0,0,0,1,1,0,周常婷,1,专科,0.5,否,1.0,是
泉州职业技术大学,福建,0,0,0,0,1,1,0,0,0,0,0,0,0,0,0,0,1,1,0,周琪筝,1,本科,0.0,否,1.0,是
泰山科技学院,山东,0,0,0,0,0,0,0,0,0,0,0,0,0,1,1,0,1,1,0,张楠,1,本科,0.5,否,1.0,是
泰州学院,江苏,0,0,0,0,0,0,0,0,0,0,0,0,0,1,1,0,1,1,0,肖志强,1,本科,0.5,否,1.0,是
浙大城市学院,浙江,0,0,0,0,0,0,0,1,1,0,0,0,0,0,0,0,1,1,0,92,0,本科,0.0,否,0.0,否
浙江交通职业技术学院,浙江,0,0,0,0,0,0,0,0,0,0,0,0,1,0,1,1,0,1,0,颜姣姣,1,专科,0.5,否,1.0,是
浙江农林大学,浙江,1,0,1,0,0,0,0,0,0,0,0,0,0,0,0,1,0,1,0,胡海龙,1,本科,0.0,否,1.0,是
浙江工业大学之江学院,浙江,0,1,1,0,0,0,0,0,0,0,0,0,0,0,0,0,1,1,0,92,0,本科,0.0,否,0.0,否
浙江工业职业技术学院,浙江,1,0,1,0,0,0,0,0,0,0,0,0,0,0,0,1,0,1,0,92,0,专科,0.0,否,0.0,否
浙江广厦建设职业技术大学,浙江,0,0,0,0,0,0,0,0,0,0,0,0,1,0,1,1,0,1,0,姚跃亭,1,本科,0.5,否,1.0,是
浙江机电职业技术大学,浙江,0,0,0,0,0,0,0,0,0,0,0,0,0,1,1,0,1,1,0,92,0,本科,0.5,否,0.0,否
浙江树人大学,浙江,0,0,0,0,1,1,0,0,0,0,0,0,0,0,0,0,1,1,0,王柯,1,本科,0.0,否,1.0,是
浙江药科职业大学,浙江,0,0,0,0,0,0,0,0,0,0,0,0,1,0,1,1,0,1,0,陈晨,1,本科,0.5,否,1.0,是
浙江警察学院,浙江,0,0,0,0,1,1,0,0,0,0,0,0,0,0,0,0,1,1,0,92,0,本科,0.0,否,0.0,否
海军军医大学,上海,0,0,0,0,0,0,0,0,0,0,1,1,0,0,0,0,1,1,0,李春香,1,本科,0.5,否,1.0,是
海军士官学校,安徽,0,0,0,0,0,0,0,0,0,0,1,1,0,0,0,0,1,1,0,年福耿,1,专科,0.5,否,1.0,是
海南医学院,海南,1,0,1,0,0,0,0,0,0,0,0,0,0,0,0,1,0,1,0,曹莉,1,本科,0.0,否,1.0,是
海南政法职业学院,海南,0,0,0,0,0,0,0,0,0,0,1,1,0,0,0,0,1,1,0,韩君彦,1,专科,0.5,否,1.0,是
海南热带海洋学院,海南,0,0,0,0,0,0,0,0,0,0,1,1,0,0,0,0,1,1,0,陈杰,1,本科,0.5,否,1.0,是
海南软件职业技术学院,海南,0,1,1,0,0,0,0,0,0,0,0,0,0,0,0,0,1,1,0,92,0,专科,0.0,否,0.0,否
淮北职业技术学院,安徽,0,0,0,0,0,0,0,0,0,0,0,0,0,1,1,0,1,1,0,焦守峰,1,专科,0.5,否,1.0,是
温州医科大学,浙江,0,0,0,0,0,0,0,0,0,0,0,0,0,1,1,0,1,1,0,刘婷,1,本科,0.5,否,1.0,是
温州职业技术学院,浙江,0,1,1,0,0,0,0,0,0,0,0,0,0,0,0,0,1,1,0,薛梦秋,1,专科,0.0,否,1.0,是
渭南职业技术学院,陕西,0,0,0,0,0,0,0,0,0,0,0,0,1,0,1,1,0,1,0,92,0,专科,0.5,否,0.0,否
湖北交通职业技术学院,湖北,0,0,0,0,0,0,0,0,0,0,0,0,0,1,1,0,1,1,0,罗筱雅,1,专科,0.5,否,1.0,是
湖北第二师范学院,湖北,0,0,0,0,0,0,0,1,1,0,0,0,0,0,0,0,1,1,0,李海雄,1,本科,0.0,否,1.0,是
湖北经济学院法商学院,湖北,0,0,0,0,0,0,1,0,1,0,0,0,0,0,0,1,0,1,0,92,0,本科,0.0,否,0.0,否
湖北职业技术学院,湖北,0,0,0,0,0,0,0,0,0,0,1,1,0,0,0,0,1,1,0,92,0,专科,0.5,否,0.0,否
湖南大众传媒职业技术学院,湖南,0,0,0,0,0,0,0,0,0,1,0,1,0,0,0,1,0,1,0,张媛媛,1,专科,0.5,否,1.0,是
湖南安全技术职业学院,湖南,0,0,0,0,0,0,0,0,0,0,0,0,0,1,1,0,1,1,0,刘淑贞,1,专科,0.5,否,1.0,是
湖南工学院,湖南,0,0,0,0,0,0,0,0,0,0,1,1,0,0,0,0,1,1,0,刘锋,1,本科,0.5,否,1.0,是
湖南工程职业技术学院,湖南,0,0,0,0,0,0,0,1,1,0,0,0,0,0,0,0,1,1,0,段金龙,1,专科,0.0,否,1.0,是
湖南应用技术学院,湖南,0,0,0,0,0,0,0,0,0,0,0,0,1,0,1,1,0,1,0,聂荣,1,本科,0.5,否,1.0,是
湖南汽车工程职业大学,湖南,0,0,0,0,0,0,0,0,0,0,1,1,0,0,0,0,1,1,0,黄芬芬,1,本科,0.5,否,1.0,是
湖南汽车工程职业学院,湖南,0,0,0,0,0,0,0,1,1,0,0,0,0,0,0,0,1,1,0,罗群利,1,专科,0.0,否,1.0,是
湖南财经工业职业技术学院,湖南,0,0,0,0,0,0,0,1,1,0,0,0,0,0,0,0,1,1,0,彭湘凌,1,专科,0.0,否,1.0,是
湖州师范学院,浙江,0,0,0,0,0,0,0,0,0,0,0,0,1,0,1,1,0,1,0,方晓伟,1,本科,0.5,否,1.0,是
湖州职业技术学院,浙江,0,0,0,0,0,0,0,1,1,0,0,0,0,0,0,0,1,1,0,胡涛,1,专科,0.0,否,1.0,是
湘中幼儿师范高等专科学校,湖南,0,0,0,0,0,0,0,0,0,0,0,0,0,1,1,0,1,1,0,肖柳,1,专科,0.5,否,1.0,是
湛江幼儿师范专科学校,广东,0,0,0,0,0,0,0,0,0,0,0,0,1,0,1,1,0,1,0,周敬人,1,专科,0.5,否,1.0,是
漳州城市职业学院,福建,0,0,0,0,1,1,0,0,0,0,0,0,0,0,0,0,1,1,0,林进川,1,专科,0.0,否,1.0,是
漳州科技职业学院,福建,0,0,0,0,1,1,0,0,0,0,0,0,0,0,0,0,1,1,0,郑达权,1,专科,0.0,否,1.0,是
烟台文化旅游职业学院,山东,1,0,1,0,0,0,0,0,0,0,0,0,0,0,0,1,0,1,0,李静,1,专科,0.0,否,1.0,是
焦作师范高等专科学校,河南,0,0,0,0,0,0,0,0,0,0,1,1,0,0,0,0,1,1,0,刘淑芝,1,专科,0.5,否,1.0,是
珠海科技学院,广东,0,0,0,0,0,0,0,1,1,0,0,0,0,0,0,0,1,1,0,倪明放,1,本科,0.0,否,1.0,是
琼台师范学院,海南,0,0,0,0,0,0,0,0,0,0,1,1,0,0,0,0,1,1,0,王海华,1,本科,0.5,否,1.0,是
甘肃交通职业技术学院,甘肃,0,0,0,0,0,0,0,0,0,1,0,1,0,0,0,1,0,1,0,梁垚伟,1,专科,0.5,否,1.0,是
甘肃工业职业技术学院,甘肃,0,0,0,0,0,0,0,0,0,1,0,1,0,0,0,1,0,1,0,马伊丽,1,专科,0.5,否,1.0,是
甘肃有色冶金职业技术学院,甘肃,0,1,1,0,0,0,0,0,0,0,0,0,0,0,0,0,1,1,0,崔晓婕,1,专科,0.0,否,1.0,是
甘肃林业职业技术学院,甘肃,0,0,0,0,1,1,0,0,0,0,0,0,0,0,0,0,1,1,0,罗宏伟,1,专科,0.0,否,1.0,是
电子科技大学成都学院,四川,0,0,0,1,0,1,0,0,0,0,0,0,0,0,0,1,0,1,0,92,0,本科,0.0,否,0.0,否
白城师范学院,吉林,0,0,0,0,1,1,0,0,0,0,0,0,0,0,0,0,1,1,0,王刚,1,本科,0.0,否,1.0,是
盘锦职业技术学院,辽宁,0,0,0,0,0,0,0,0,0,0,0,0,0,1,1,0,1,1,0,92,0,专科,0.5,否,0.0,否
福州理工学院,福建,1,0,1,0,0,0,0,0,0,0,0,0,0,0,0,1,0,1,0,徐宗煌,1,本科,0.0,否,1.0,是
福建商学院,福建,0,0,0,0,0,0,0,0,0,0,1,1,0,0,0,0,1,1,0,林娟,1,本科,0.5,否,1.0,是
福建工程学院,福建,0,0,0,0,1,1,0,0,0,0,0,0,0,0,0,0,1,1,0,吴润莘,1,本科,0.0,否,1.0,是
福建技术师范学院,福建,0,0,0,0,1,1,0,0,0,0,0,0,0,0,0,0,1,1,0,楚添定,1,本科,0.0,否,1.0,是
福建船政交通职业学院,福建,0,1,1,0,0,0,0,0,0,0,0,0,0,0,0,0,1,1,0,黄惠玲,1,专科,0.0,否,1.0,是
空军航空大学,吉林,0,0,0,0,0,0,0,1,1,0,0,0,0,0,0,0,1,1,0,董会旭,1,本科,0.0,否,1.0,是
绍兴职业技术学院,浙江,0,0,0,0,0,0,0,0,0,1,0,1,0,0,0,1,0,1,0,蔡志荣,1,专科,0.5,否,1.0,是
芜湖学院,安徽,0,0,0,0,0,0,0,0,0,0,0,0,0,1,1,0,1,1,0,刘琨,1,本科,0.5,否,1.0,是
茅台学院,贵州,0,0,0,0,0,0,0,0,0,0,1,1,0,0,0,0,1,1,0,李正波,1,本科,0.5,否,1.0,是
菏泽家政职业学院,山东,0,1,1,0,0,0,0,0,0,0,0,0,0,0,0,0,1,1,0,王鑫鑫,1,专科,0.0,否,1.0,是
蚌埠学院,安徽,0,0,0,0,0,0,0,0,0,0,0,0,0,1,1,0,1,1,0,姜奎,1,本科,0.5,否,1.0,是
衡阳师范学院,湖南,0,0,0,0,0,0,0,1,1,0,0,0,0,0,0,0,1,1,0,胡立军,1,本科,0.0,否,1.0,是
衡阳科技职业学院,湖南,0,0,0,0,0,0,0,0,0,0,1,1,0,0,0,0,1,1,0,汤毅,1,专科,0.5,否,1.0,是
衢州学院,浙江,0,0,0,0,0,0,0,1,1,0,0,0,0,0,0,0,1,1,0,叶德华,1,本科,0.0,否,1.0,是
衢州职业技术学院,浙江,0,0,0,0,0,0,0,0,0,0,1,1,0,0,0,0,1,1,0,郑淑君,1,专科,0.5,否,1.0,是
西交利物浦大学,江苏,0,1,1,0,0,0,0,0,0,0,0,0,0,0,0,0,1,1,0,92,0,本科,0.0,否,0.0,否
西南政法大学,重庆,0,0,0,0,1,1,0,0,0,0,0,0,0,0,0,0,1,1,0,梁洪,1,本科,0.0,否,1.0,是
西安交通工程学院,陕西,0,0,0,0,0,0,0,0,0,0,1,1,0,0,0,0,1,1,0,乔亚琴,1,本科,0.5,否,1.0,是
西安外事学院,陕西,0,0,0,0,0,0,0,0,0,0,1,1,0,0,0,0,1,1,0,薛应珍,1,本科,0.5,否,1.0,是
西安建筑科技大学华清学院,陕西,0,0,0,0,0,0,0,0,0,0,0,0,0,1,1,0,1,1,0,王春茹,1,本科,0.5,否,1.0,是
西安航空职业技术学院,陕西,0,0,0,0,0,0,0,0,0,0,1,1,0,0,0,0,1,1,0,王琼,1,专科,0.5,否,1.0,是
西安高新科技职业学院,陕西,0,0,0,0,0,0,0,0,0,0,0,0,0,1,1,0,1,1,0,樊海霞,1,专科,0.5,否,1.0,是
解放军空军预警学院,湖北,0,0,0,0,1,1,0,0,0,0,0,0,0,0,0,0,1,1,0,朱四如,1,本科,0.0,否,1.0,是
贵州师范大学求是学院,贵州,0,0,0,0,0,0,0,1,1,0,0,0,0,0,0,0,1,1,0,李豪,1,本科,0.0,否,1.0,是
贵州应用技术职业学院,贵州,0,1,1,0,0,0,0,0,0,0,0,0,0,0,0,0,1,1,0,邹青,1,专科,0.0,否,1.0,是
贵州水利水电职业技术学院,贵州,0,0,0,0,0,0,0,0,0,0,1,1,0,0,0,0,1,1,0,许余云,1,专科,0.5,否,1.0,是
贵州财经大学,贵州,0,0,0,0,0,0,0,1,1,0,0,0,0,0,0,0,1,1,0,李仲庆,1,本科,0.0,否,1.0,是
贵州财经职业学院,贵州,0,0,0,0,0,0,0,0,0,0,1,1,0,0,0,0,1,1,0,杨亚军,1,专科,0.5,否,1.0,是
贵州铜仁数据职业学院,贵州,0,0,0,0,0,0,0,0,0,0,1,1,0,0,0,0,1,1,0,安明亨,1,专科,0.5,否,1.0,是
贵阳信息科技学院,贵州,0,0,0,0,0,0,0,1,1,0,0,0,0,0,0,0,1,1,0,张宁,1,本科,0.0,否,1.0,是
贵阳学院,贵州,0,0,0,0,0,0,0,0,0,0,1,1,0,0,0,0,1,1,0,赵林畅,1,本科,0.5,否,1.0,是
贵阳职业技术学院,贵州,0,0,0,0,1,1,0,0,0,0,0,0,0,0,0,0,1,1,0,王雪梅,1,专科,0.0,否,1.0,是
辽宁对外经贸学院,辽宁,0,0,0,0,1,1,0,0,0,0,0,0,0,0,0,0,1,1,0,郭志军,1,本科,0.0,否,1.0,是
辽宁理工学院,辽宁,0,0,0,0,0,0,0,0,0,0,1,1,0,0,0,0,1,1,0,杨光达,1,本科,0.5,否,1.0,是
辽宁警察学院,辽宁,0,1,1,0,0,0,0,0,0,0,0,0,0,0,0,0,1,1,0,段丽华,1,本科,0.0,否,1.0,是
通化师范学院,吉林,0,0,0,0,1,1,0,0,0,0,0,0,0,0,0,0,1,1,0,彭维玲,1,本科,0.0,否,1.0,是
遵义医科大学医学与科技学院,贵州,0,0,0,0,0,0,0,1,1,0,0,0,0,0,0,0,1,1,0,冯倩,1,本科,0.0,否,1.0,是
遵义师范学院,贵州,1,0,1,0,0,0,0,0,0,0,0,0,0,0,0,1,0,1,0,吕亚楠,1,本科,0.0,否,1.0,是
遵义职业技术学院,贵州,0,1,1,0,0,0,0,0,0,0,0,0,0,0,0,0,1,1,0,陈云烁,1,专科,0.0,否,1.0,是
邢台学院,河北,0,0,0,0,0,0,0,1,1,0,0,0,0,0,0,0,1,1,0,李猛,1,本科,0.0,否,1.0,是
邯郸职业技术学院,河北,0,0,0,0,0,0,0,0,0,0,1,1,0,0,0,0,1,1,0,王海龙,1,专科,0.5,否,1.0,是
郑州职业技术学院,河南,0,0,0,0,0,0,0,0,0,0,1,1,0,0,0,0,1,1,0,董艳青,1,专科,0.5,否,1.0,是
重庆三峡学院,重庆,0,0,0,0,1,1,0,0,0,0,0,0,0,0,0,0,1,1,0,王绍恒,1,本科,0.0,否,1.0,是
重庆医科大学,重庆,0,0,0,0,0,0,0,1,1,0,0,0,0,0,0,0,1,1,0,梁波,1,本科,0.0,否,1.0,是
重庆理工职业学院,重庆,0,0,0,0,0,0,0,0,0,0,1,1,0,0,0,0,1,1,0,张文凤,1,专科,0.5,否,1.0,是
重庆财经学院,重庆,0,0,0,0,0,0,0,0,0,0,1,1,0,0,0,0,1,1,0,李冰彦,1,本科,0.5,否,1.0,是
铁岭师范高等专科学校,辽宁,0,0,0,0,0,0,0,0,0,0,0,0,0,1,1,0,1,1,0,92,0,专科,0.5,否,0.0,否
铜仁职业技术大学,贵州,0,0,0,0,0,0,0,0,0,0,0,0,0,1,1,0,1,1,0,谭杨,1,本科,0.5,否,1.0,是
铜川职业技术学院,陕西,0,0,0,0,0,0,0,0,0,0,0,0,0,1,1,0,1,1,0,徐秋霞,1,专科,0.5,否,1.0,是
铜陵学院,安徽,0,0,0,0,1,1,0,0,0,0,0,0,0,0,0,0,1,1,0,严路路,1,本科,0.0,否,1.0,是
锦州师范高等专科学校,辽宁,0,0,0,0,1,1,0,0,0,0,0,0,0,0,0,0,1,1,0,龚雪,1,专科,0.0,否,1.0,是
长春建筑学院,吉林,0,0,0,0,0,0,0,1,1,0,0,0,0,0,0,0,1,1,0,迟文焕,1,本科,0.0,否,1.0,是
长春汽车职业技术大学,吉林,0,0,0,0,0,0,0,0,0,0,1,1,0,0,0,0,1,1,0,隋欣,1,本科,0.5,否,1.0,是
长春职业技术学院,吉林,0,0,0,0,0,0,0,1,1,0,0,0,0,0,0,0,1,1,0,92,0,专科,0.0,否,0.0,否
长春财经学院,吉林,0,0,0,1,0,1,0,0,0,0,0,0,0,0,0,1,0,1,0,吴睿,1,本科,0.0,否,1.0,是
长沙环境保护职业技术学院,湖南,0,0,0,0,0,0,0,1,1,0,0,0,0,0,0,0,1,1,0,陈志颖,1,专科,0.0,否,1.0,是
长沙航空职业技术学院,湖南,0,0,0,0,0,0,0,0,0,0,0,0,0,1,1,0,1,1,0,郭立娟,1,专科,0.5,否,1.0,是
闽南科技学院,福建,0,1,1,0,0,0,0,0,0,0,0,0,0,0,0,0,1,1,0,柳文清,1,本科,0.0,否,1.0,是
防灾科技学院,河北,0,0,0,0,0,0,0,0,0,0,1,1,0,0,0,0,1,1,0,庄需芹,1,本科,0.5,否,1.0,是
陆军兵种大学,江苏,0,0,0,0,0,0,0,0,0,0,0,0,0,1,1,0,1,1,0,李小全,1,本科,0.5,否,1.0,是
陕西工业职业技术大学,陕西,0,0,0,0,0,0,0,0,0,0,0,0,1,0,1,1,0,1,0,胡肖勤,1,本科,0.5,否,1.0,是
陕西工商职业学院,陕西,0,0,0,0,0,0,0,0,0,0,0,0,0,1,1,0,1,1,0,李斌,1,专科,0.5,否,1.0,是
陕西机电职业技术学院,陕西,0,0,0,1,0,1,0,0,0,0,0,0,0,0,0,1,0,1,0,李蕊,1,专科,0.0,否,1.0,是
集宁师范学院,内蒙古,0,0,0,0,0,0,0,1,1,0,0,0,0,0,0,0,1,1,0,夏俊杰,1,本科,0.0,否,1.0,是
青岛工学院,山东,0,0,0,0,1,1,0,0,0,0,0,0,0,0,0,0,1,1,0,王晓妍,1,本科,0.0,否,1.0,是
青岛黄海学院,山东,0,0,0,0,0,0,0,0,0,0,0,0,0,1,1,0,1,1,0,张春梅,1,本科,0.5,否,1.0,是
香港中文大学,香港,0,0,0,0,0,0,0,1,1,0,0,0,0,0,0,0,1,1,0,92,0,本科,0.0,否,0.0,否
鹤壁职业技术学院,河南,0,1,1,0,0,0,0,0,0,0,0,0,0,0,0,0,1,1,0,周德让,1,专科,0.0,否,1.0,是
黄冈师范学院,湖北,0,0,0,0,0,0,0,0,0,0,0,0,1,0,1,1,0,1,0,何方国,1,本科,0.5,否,1.0,是
黄山学院,安徽,0,1,1,0,0,0,0,0,0,0,0,0,0,0,0,0,1,1,0,梁文娟,1,本科,0.0,否,1.0,是
黄河水利职业技术学院,河南,0,0,0,0,0,0,1,0,1,0,0,0,0,0,0,1,0,1,0,郝振莉,1,专科,0.0,否,1.0,是
黄河科技学院,河南,0,0,0,0,0,0,0,0,0,0,1,1,0,0,0,0,1,1,0,王倩倩,1,本科,0.5,否,1.0,是
黑河学院,黑龙江,0,1,1,0,0,0,0,0,0,0,0,0,0,0,0,0,1,1,0,罗晓媛,1,本科,0.0,否,1.0,是
齐鲁师范学院,山东,0,0,0,0,0,0,0,0,0,0,0,0,0,1,1,0,1,1,0,唐晓伟,1,本科,0.5,否,1.0,是
齐齐哈尔医学院,黑龙江,0,0,0,0,1,1,0,0,0,0,0,0,0,0,0,0,1,1,0,王岩,1,本科,0.0,否,1.0,是
